ID,Year_Birth,Education,Marital_Status,Income,Kidhome,Teenhome,Recency
5524,1957,Graduation,Single,58138,0,0,58
2174,1954,Graduation,Single,46344,1,1,38
4141,1965,Graduation,Together,71613,0,0,26
6182,1984,Graduation,Together,26646,1,0,26
5324,1981,PhD,Married,58293,1,0,94
7446,1967,Master,Together,62513,0,1,16
965,1971,Graduation,Divorced,55635,0,1,34
6177,1985,PhD,Married,33454,1,0,32
4855,1974,PhD,Together,30351,1,0,19
5899,1950,PhD,Together,5648,1,1,68
1994,1983,Graduation,Married,,1,0,11
387,1976,Basic,Married,7500,0,0,59
2125,1959,Graduation,Divorced,63033,0,0,82
8180,1952,Master,Divorced,59354,1,1,53
2569,1987,Graduation,Married,17323,0,0,38
2114,1946,PhD,Single,82800,0,0,23
9736,1980,Graduation,Married,41850,1,1,51
4939,1946,Graduation,Together,37760,0,0,20
6565,1949,Master,Married,76995,0,1,91
2278,1985,2n Cycle,Single,33812,1,0,86
9360,1982,Graduation,Married,37040,0,0,41
5376,1979,Graduation,Married,2447,1,0,42
1993,1949,PhD,Married,58607,0,1,63
4047,1954,PhD,Married,65324,0,1,0
1409,1951,Graduation,Together,40689,0,1,69
7892,1969,Graduation,Single,18589,0,0,89
2404,1976,Graduation,Married,53359,1,1,4
5255,1986,Graduation,Single,,1,0,19
9422,1989,Graduation,Married,38360,1,0,26
1966,1965,PhD,Married,84618,0,0,96
6864,1989,Master,Divorced,10979,0,0,34
3033,1963,Master,Together,38620,0,0,56
5710,1970,Graduation,Together,40548,0,1,31
7373,1952,PhD,Divorced,46610,0,2,8
8755,1946,Master,Married,68657,0,0,4
10738,1951,Master,Single,49389,1,1,55
4339,1970,PhD,Married,67353,0,1,37
10755,1976,2n Cycle,Married,23718,1,0,76
8595,1973,Graduation,Widow,42429,0,1,99
2968,1943,PhD,Divorced,48948,0,0,53
8601,1980,Graduation,Married,80011,0,1,3
503,1985,Master,Married,20559,1,0,88
8430,1957,Graduation,Together,21994,0,1,4
7281,1959,PhD,Single,,0,0,80
2139,1975,Master,Married,7500,1,0,19
1371,1976,Graduation,Single,79941,0,0,72
9909,1996,2n Cycle,Married,7500,0,0,24
7286,1968,Graduation,Together,41728,1,0,92
7244,1951,Graduation,Single,,2,1,96
6566,1954,PhD,Married,72550,1,1,39
8614,1957,Graduation,Widow,65486,0,1,29
4114,1964,Master,Married,79143,0,0,2
1331,1977,Graduation,Single,35790,1,0,54
2225,1977,Graduation,Divorced,82582,0,0,54
9381,1978,Graduation,Married,66373,1,1,57
6260,1955,Master,Together,82384,0,0,55
10383,1966,Graduation,Divorced,70287,0,0,30
7437,1988,Graduation,Single,27938,1,0,31
8557,1982,Graduation,Single,,1,0,57
8375,1968,PhD,Married,55954,0,1,63
6853,1982,Master,Single,75777,0,0,12
3076,1975,Graduation,Together,66653,1,1,18
1012,1952,Graduation,Single,61823,0,1,26
6518,1951,PhD,Widow,67680,0,1,8
4137,1948,Graduation,Together,70666,0,0,29
8082,1971,Graduation,Married,25721,1,0,75
1386,1967,Graduation,Together,32474,1,1,0
9369,1979,2n Cycle,Single,88194,0,1,19
4477,1958,Graduation,Together,69096,0,1,4
1357,1970,Graduation,Together,74854,1,2,90
1402,1954,Master,Married,66991,0,0,1
10629,1973,2n Cycle,Married,,1,0,25
6312,1959,Graduation,Married,65031,0,1,29
8132,1975,PhD,Married,60631,1,1,88
1050,1952,Graduation,Married,28332,0,0,58
5846,1977,Graduation,Divorced,40246,1,0,68
1859,1972,Master,Married,75251,0,0,34
7503,1976,Graduation,Single,75825,0,0,40
10401,1976,2n Cycle,Together,26326,0,0,12
1618,1965,Graduation,Together,56046,0,0,9
3332,1985,Graduation,Single,29760,1,0,87
2261,1969,Graduation,Married,26304,1,0,5
5346,1973,2n Cycle,Married,23559,1,0,87
4119,1963,Master,Together,38620,0,0,56
535,1987,Graduation,Divorced,81361,0,0,18
5268,1960,Graduation,Married,29440,1,1,95
273,1970,Master,Married,36138,1,1,48
4452,1957,Graduation,Single,50388,0,1,3
8504,1973,Graduation,Married,79593,0,0,70
771,1967,Graduation,Together,54178,0,1,79
8996,1957,PhD,Married,,2,1,4
9235,1957,Graduation,Single,,1,1,45
5798,1973,Master,Together,,0,0,87
11178,1972,Master,Single,42394,1,0,69
2230,1970,PhD,Married,23626,1,0,84
7516,1983,Graduation,Married,30096,1,0,30
7247,1960,Graduation,Widow,47916,0,1,72
11100,1972,Graduation,Divorced,51813,1,1,37
4646,1951,2n Cycle,Married,78497,0,0,44
3037,1983,PhD,Married,50150,0,0,32
1473,1960,2n Cycle,Single,47823,0,1,0
1016,1959,PhD,Single,34554,0,1,43
4518,1979,Graduation,Together,85693,0,1,59
9370,1945,PhD,Married,65846,0,0,68
8908,1959,Graduation,Married,87195,0,0,35
8373,1979,Basic,Together,24594,1,0,94
7533,1964,Graduation,Married,49096,1,1,15
2683,1969,Graduation,Married,52413,0,2,56
3629,1978,Graduation,Single,38557,1,0,17
10991,1960,Master,Married,89058,0,0,18
5077,1979,Graduation,Together,77298,0,1,46
7431,1991,PhD,Single,68126,0,0,40
3267,1963,Master,Together,57288,0,1,27
999,1991,Graduation,Single,86037,0,0,95
9215,1980,PhD,Married,43974,1,0,19
2286,1962,Graduation,Single,50785,1,1,27
1592,1970,Graduation,Married,90765,0,0,25
367,1978,2n Cycle,Married,36550,1,0,74
5234,1967,2n Cycle,Together,30753,1,1,85
9862,1969,Graduation,Together,21918,1,0,37
9805,1953,Master,Together,56129,0,1,65
6205,1967,Master,Single,32557,1,0,13
8442,1985,Master,Married,19510,2,0,63
7386,1976,Graduation,Divorced,30992,1,0,83
7215,1983,Graduation,Single,101970,0,0,69
1491,1965,2n Cycle,Together,71488,0,0,87
11071,1984,Graduation,Single,79607,0,0,37
3381,1953,Master,Married,54348,1,1,51
8268,1961,PhD,Married,,0,1,23
11051,1956,PhD,Together,77376,1,1,72
8026,1952,Graduation,Married,62998,0,1,10
433,1958,Master,Alone,61331,1,1,42
9597,1969,Graduation,Married,73448,0,0,10
1295,1963,Graduation,Married,,0,1,96
5290,1964,PhD,Married,41551,1,1,51
1685,1967,PhD,Together,62981,0,0,21
5342,1976,Basic,Divorced,9548,1,0,31
9579,1959,PhD,Married,33762,2,1,61
7660,1973,PhD,Alone,35860,1,1,37
1461,1965,PhD,Divorced,36921,1,1,74
821,1992,Master,Single,92859,0,0,46
11084,1976,Master,Together,65104,0,1,4
8690,1962,Graduation,Married,86111,0,0,73
2937,1974,PhD,Single,68352,0,1,47
9701,1988,Graduation,Together,41883,1,0,13
9949,1976,Graduation,Married,59809,0,2,36
10837,1975,Graduation,Married,23957,1,0,47
3120,1981,Graduation,Together,38547,1,0,49
5885,1973,2n Cycle,Married,35688,2,1,94
4050,1966,Master,Married,49605,0,0,65
3830,1953,Master,Married,59354,0,2,59
7987,1969,Graduation,Married,65747,0,1,96
7798,1972,2n Cycle,Together,46344,0,1,28
92,1988,Graduation,Alone,34176,1,0,12
7055,1952,PhD,Together,61010,0,1,57
10240,1949,Graduation,Together,69372,0,0,10
3025,1958,Graduation,Single,49967,0,1,4
9283,1978,Graduation,Single,60199,1,2,49
9970,1977,Graduation,Together,55375,0,1,3
2730,1955,Graduation,Single,80317,0,0,64
2795,1958,Master,Single,30523,2,1,0
9260,1945,PhD,Married,70356,0,0,20
8182,1984,Graduation,Married,23228,1,0,91
10095,1975,PhD,Divorced,74165,0,0,9
8475,1973,PhD,Married,157243,0,1,98
4370,1966,Graduation,Together,43482,2,1,83
10573,1953,Graduation,Divorced,62551,0,0,27
3712,1959,Graduation,Divorced,52332,0,0,63
6637,1988,Graduation,Single,66951,0,0,46
3152,1957,Graduation,Together,26091,1,1,84
5610,1965,Graduation,Together,33456,1,1,58
6460,1982,Graduation,Married,28718,1,0,78
1349,1970,Graduation,Married,50447,2,0,4
1880,1959,PhD,Together,53537,1,1,17
641,1967,Graduation,Single,52074,0,1,77
8717,1975,PhD,Married,80427,0,1,56
10314,1948,PhD,Married,83837,0,0,79
10854,1970,PhD,Married,38853,1,1,90
10492,1959,Graduation,Together,38285,2,1,96
6935,1951,2n Cycle,Married,78497,0,0,44
7698,1976,PhD,Married,51650,0,1,81
3559,1988,2n Cycle,Married,16248,1,0,77
10562,1946,Master,Married,66835,0,0,21
10796,1984,Master,Married,30477,1,0,16
2563,1961,Basic,Married,28249,0,0,80
3518,1983,Graduation,Married,25271,1,0,45
5823,1970,PhD,Single,32303,0,1,63
3934,1966,Graduation,Married,61286,0,1,34
6982,1976,Graduation,Married,74068,0,0,14
6431,1964,PhD,Married,45759,1,1,13
9733,1978,Basic,Together,24882,1,0,52
5602,1989,PhD,Together,66973,0,0,98
7829,1900,2n Cycle,Divorced,36640,1,0,99
1324,1988,Graduation,Married,38872,1,0,93
326,1973,Graduation,Married,51148,1,1,38
7224,1977,Graduation,Married,31353,1,1,24
6999,1980,Master,Married,69661,0,0,80
9938,1954,Graduation,Married,80067,0,0,82
6422,1954,Graduation,Married,86718,0,0,20
3182,1973,PhD,Single,46854,1,1,81
7300,1952,Graduation,Divorced,69142,0,1,50
10424,1968,Graduation,Single,75922,0,0,60
8727,1978,Graduation,Divorced,63693,0,1,63
2798,1977,PhD,Together,102160,0,0,54
1030,1965,PhD,Single,40637,1,1,72
624,1984,Master,Single,18890,0,0,5
5176,1988,Graduation,Together,29604,1,0,88
5552,1963,Master,Divorced,48721,1,1,50
868,1966,Graduation,Married,44794,0,1,99
380,1954,Graduation,Divorced,64497,0,1,17
2677,1956,Graduation,Together,46097,0,1,11
6521,1954,Graduation,Together,77972,0,0,18
6927,1968,PhD,Married,44377,1,1,70
2877,1974,Master,Together,46014,1,1,21
0,1985,Graduation,Married,70951,0,0,66
1584,1977,Graduation,Married,41443,1,0,79
7264,1978,2n Cycle,Single,52195,2,1,2
6274,1948,Master,Married,83790,0,0,81
1377,1954,Master,Widow,44551,0,1,24
454,1980,Graduation,Together,69508,1,0,48
1755,1988,2n Cycle,Together,45204,1,0,93
2075,1969,Graduation,Married,72460,0,0,56
4785,1970,PhD,Together,77622,0,2,3
9076,1980,PhD,Married,30732,1,0,44
7079,1962,Graduation,Divorced,63887,0,1,38
4653,1978,Graduation,Together,42011,1,0,46
7375,1976,Graduation,Together,51369,0,1,84
709,1952,Graduation,Divorced,51537,0,1,27
460,1972,PhD,Married,79930,0,0,72
3726,1986,PhD,Together,34320,1,0,66
6798,1966,Graduation,Single,37070,1,1,30
5341,1962,2n Cycle,Divorced,81975,0,1,2
1606,1971,Graduation,Together,38590,1,0,65
9617,1951,Graduation,Single,15033,0,0,37
3233,1965,PhD,Married,62745,0,1,89
89,1975,2n Cycle,Married,22212,1,0,49
2936,1982,Master,Together,23661,1,0,46
9449,1958,PhD,Single,79761,0,1,32
7297,1973,Graduation,Single,7500,1,0,54
11004,1893,2n Cycle,Single,60182,0,1,23
313,1968,Graduation,Widow,73455,0,0,98
9940,1958,Graduation,Together,64961,0,1,97
10735,1971,Graduation,Single,22804,1,0,75
9529,1990,Graduation,Married,73687,0,0,8
6439,1958,Graduation,Married,61074,0,1,37
7411,1964,PhD,Married,31686,1,1,31
2176,1972,Graduation,Married,80134,1,0,40
9265,1953,Graduation,Married,75027,0,1,74
8867,1988,PhD,Married,67546,0,0,90
8932,1969,Master,Together,65176,0,1,57
10236,1975,Master,Single,31160,1,0,59
6340,1985,Graduation,Single,29938,1,0,52
10089,1974,Graduation,Divorced,102692,0,0,5
2227,1958,2n Cycle,Together,26490,0,0,92
10992,1967,Graduation,Together,75702,1,1,77
5304,1974,PhD,Single,30899,1,0,35
309,1961,PhD,Together,63342,0,1,48
3406,1964,Graduation,Single,45989,0,1,97
2661,1964,Graduation,Single,18701,1,1,95
3153,1957,PhD,Single,40737,2,1,24
10264,1979,Graduation,Divorced,15287,1,0,60
1184,1968,PhD,Divorced,69674,0,2,46
4200,1970,Master,Married,44159,1,0,85
9396,1978,PhD,Married,37717,1,0,31
2387,1952,Master,Together,43776,1,1,9
6690,1966,Master,Married,38179,1,1,30
1225,1963,Graduation,Married,80124,0,0,47
9703,1970,PhD,Married,38097,1,1,70
291,1970,Graduation,Married,72940,0,0,13
4557,1970,Graduation,Together,22070,1,0,11
2379,1953,Graduation,Single,69267,0,0,31
5726,1983,Master,Single,31788,1,0,15
3066,1975,PhD,Together,61905,0,1,2
6336,1960,Graduation,Married,29315,1,1,55
10967,1963,Graduation,Divorced,33378,1,1,38
2304,1963,PhD,Together,66313,0,1,86
3445,1956,Graduation,Single,60714,0,0,56
7828,1981,Master,Together,77882,0,0,29
3762,1986,PhD,Single,69867,0,0,30
4391,1968,Master,Divorced,63841,0,1,64
4669,1981,Basic,Married,24480,1,0,46
10144,1976,Graduation,Together,51369,0,1,84
8652,1946,Graduation,Together,37760,0,0,20
1672,1974,PhD,Together,65640,0,1,74
8962,1975,Master,Married,44319,1,1,18
9974,1974,Graduation,Married,30631,1,0,75
10983,1952,Graduation,Together,75278,0,0,17
8148,1956,Master,Together,50898,1,1,88
10102,1966,Graduation,Widow,79946,0,0,19
4697,1949,Master,Divorced,35416,0,0,62
9262,1984,2n Cycle,Together,32414,0,0,11
7254,1969,Graduation,Together,38361,1,0,74
4543,1980,Graduation,Married,82497,0,0,32
4927,1971,Graduation,Together,16626,2,0,76
10451,1965,Graduation,Together,29672,1,1,6
2926,1952,Master,Together,55951,0,1,62
2874,1988,2n Cycle,Divorced,35388,1,0,20
9738,1986,Master,Together,42386,1,0,43
7119,1982,Graduation,Single,68627,0,0,45
3924,1965,PhD,Divorced,57912,0,1,34
5827,1958,Graduation,Divorced,35246,1,1,53
5596,1956,2n Cycle,Together,58821,0,1,44
10812,1978,PhD,Married,46377,1,0,89
1717,1988,Graduation,Single,39747,1,0,43
9491,1984,Graduation,Together,23976,1,0,68
9274,1961,Master,Married,80950,0,0,44
6609,1966,Graduation,Widow,27038,0,0,64
6963,1947,Graduation,Single,77457,0,0,85
4440,1964,Master,Married,64100,0,1,93
1379,1992,Master,Together,42670,0,0,12
10032,1976,Graduation,Divorced,12571,1,0,86
2826,1967,Graduation,Married,22574,2,1,28
2437,1989,Graduation,Married,,0,0,69
6320,1976,Master,Single,70893,0,0,42
3050,1966,Graduation,Married,54198,1,1,13
231,1956,Master,Together,28839,1,1,86
2392,1972,Graduation,Married,40321,1,1,59
9478,1985,Graduation,Single,66503,1,0,30
113,1951,Graduation,Married,30833,1,1,33
2863,1970,Graduation,Single,,1,2,67
1802,1971,Graduation,Married,64795,0,1,23
520,1974,Graduation,Married,34421,1,0,81
8275,1965,PhD,Divorced,47025,1,1,6
9750,1961,PhD,Divorced,64325,0,1,41
2607,1953,Graduation,Single,40464,0,1,78
7214,1957,Graduation,Married,62187,0,0,49
5835,1976,PhD,Divorced,14849,1,0,39
3896,1984,Graduation,Married,27255,1,0,3
10350,1950,PhD,Married,54432,2,1,37
7786,1986,PhD,Single,29999,1,0,22
2861,1983,Graduation,Single,24072,1,0,79
663,1989,PhD,Single,33996,0,0,46
10675,1956,PhD,Married,66334,0,1,82
2521,1971,Master,Married,35178,1,0,10
9592,1983,Graduation,Together,22010,1,0,51
10151,1960,Graduation,Divorced,62204,0,2,38
7381,1968,Graduation,Divorced,75693,0,0,10
4099,1972,Graduation,Married,30675,1,0,14
9560,1965,Graduation,Together,83003,0,0,18
1150,1899,PhD,Together,83532,0,0,36
10172,1988,Graduation,Single,68655,0,0,95
11191,1986,Graduation,Divorced,41411,0,0,11
9707,1969,PhD,Married,55212,0,1,65
6245,1950,PhD,Together,59292,0,1,71
8234,1973,Basic,Together,27190,1,0,13
1411,1952,Graduation,Divorced,82623,0,0,58
8553,1965,Graduation,Married,44300,1,1,65
1826,1970,Graduation,Divorced,84835,0,0,0
8842,1971,Graduation,Widow,30372,1,1,33
11030,1976,Master,Married,33181,1,0,90
2579,1957,Graduation,Married,71113,0,1,95
175,1986,Graduation,Married,71952,1,0,93
9185,1966,PhD,Single,69759,0,0,38
11056,1974,Graduation,Married,72099,0,0,18
9365,1976,PhD,Single,60000,0,1,57
6201,1978,Graduation,Single,38643,1,1,45
2061,1955,Graduation,Married,50737,0,1,61
6184,1969,PhD,Married,68462,0,0,6
6142,1943,Master,Married,65073,0,0,65
4107,1948,PhD,Together,46681,0,2,52
7274,1957,Graduation,Married,78618,0,0,87
9336,1969,PhD,Widow,62187,0,1,38
2958,1978,Graduation,Married,28442,2,0,53
933,1978,PhD,Married,37717,1,0,31
5837,1967,Graduation,Married,51479,1,1,67
10704,1969,Graduation,Single,54803,0,1,65
5125,1960,Graduation,Married,79530,0,0,64
4432,1976,Graduation,Divorced,31615,1,0,82
5955,1962,Graduation,Together,72025,0,0,27
2928,1975,PhD,Single,52614,0,1,63
5680,1984,2n Cycle,Married,35684,1,0,66
10313,1975,Graduation,Married,48178,1,1,69
2557,1970,Master,Single,29548,1,0,52
1245,1966,Graduation,Single,63810,0,1,45
1519,1972,PhD,Single,38578,1,1,2
10703,1975,Master,Single,46098,1,1,86
1726,1970,Graduation,Single,22585,0,0,23
4459,1989,Graduation,Single,30279,1,0,13
1729,1961,PhD,Together,66426,0,1,14
1517,1969,Graduation,Single,30822,1,0,92
2098,1969,PhD,Married,33581,2,0,38
9543,1985,Graduation,Married,19986,1,0,74
6878,1954,Graduation,Widow,27421,0,0,14
3310,1973,2n Cycle,Married,35688,2,1,94
2724,1981,Master,Single,36143,1,0,33
948,1971,Graduation,Single,10245,1,0,32
6720,1968,Master,Together,43795,0,1,11
6202,1960,Graduation,Together,63381,0,1,78
2066,1949,Graduation,Together,38823,0,1,56
9799,1968,PhD,Divorced,83664,1,1,57
8318,1979,Graduation,Together,90300,0,0,7
5642,1979,Master,Together,62499,1,0,0
2669,1993,Graduation,Single,74293,0,0,66
455,1946,PhD,Married,51012,0,0,86
7683,1968,Master,Married,70777,0,1,80
3428,1991,PhD,Together,68682,0,0,56
7414,1971,Graduation,Married,43824,1,1,18
6354,1984,Graduation,Together,15345,1,0,51
798,1987,Graduation,Single,23442,1,0,71
8213,1980,2n Cycle,Together,14515,1,0,71
2488,1956,2n Cycle,Divorced,31395,1,1,80
9999,1965,Graduation,Together,75276,0,0,2
7617,1974,Graduation,Single,42373,1,1,83
615,1960,Graduation,Together,30507,0,0,29
2552,1955,PhD,Single,55521,1,2,11
194,1965,Graduation,Married,48006,1,1,55
3645,1972,PhD,Single,27213,1,0,19
8890,1971,PhD,Divorced,65808,1,1,1
5049,1974,PhD,Together,30351,1,0,19
9973,1963,Graduation,Married,50437,0,2,28
7301,1982,2n Cycle,Single,23616,1,0,76
10882,1976,Graduation,Married,53858,0,1,50
7030,1955,PhD,Married,66465,0,1,1
7422,1987,Graduation,Single,46923,1,0,90
3523,1962,Graduation,Together,75072,0,1,83
7106,1943,PhD,Married,75865,0,0,73
6504,1975,2n Cycle,Together,19789,1,0,24
5067,1994,Graduation,Together,80134,0,0,11
4216,1981,Graduation,Single,91065,0,0,33
8581,1971,Master,Married,49505,1,1,4
5929,1973,PhD,Married,37401,1,0,14
3129,1983,Graduation,Married,30096,1,0,30
6528,1982,Master,Together,18492,1,0,75
1361,1974,Master,Married,82584,0,0,26
6932,1941,PhD,Married,93027,0,0,77
7284,1953,Graduation,Married,48686,1,2,8
1340,1986,Graduation,Married,92910,0,0,42
8746,1989,Graduation,Married,75433,1,0,28
5987,1989,2n Cycle,Together,10404,1,0,52
3767,1968,Graduation,Married,61314,0,1,1
3725,1961,PhD,Single,84865,0,0,1
4324,1989,Graduation,Married,42387,1,0,42
238,1967,2n Cycle,Together,67309,1,1,76
6694,1964,Graduation,Married,75236,0,1,27
498,1970,Graduation,Single,30015,1,0,28
9347,1956,Master,Together,50943,0,1,49
9699,1966,Graduation,Divorced,67272,0,1,12
10664,1949,Master,Widow,51529,0,1,14
5455,1971,PhD,Married,32011,1,0,89
456,1986,2n Cycle,Married,7500,1,0,96
5012,1989,Graduation,Married,28691,1,0,56
7495,1948,PhD,Married,56223,0,1,72
5029,1946,Graduation,Married,18100,0,0,14
10642,1989,Graduation,Single,30279,1,0,13
2106,1974,2n Cycle,Married,20130,0,0,99
10364,1959,Graduation,Divorced,23295,0,0,72
5954,1972,Master,Divorced,42618,1,0,92
1137,1964,Graduation,Single,81246,0,0,87
2541,1976,Graduation,Married,24027,1,0,7
1142,1953,PhD,Married,55707,0,1,91
2276,1955,Graduation,Single,57959,0,1,71
2807,1969,Graduation,Married,56796,0,1,24
6471,1971,Master,Single,36230,1,0,17
6131,1980,2n Cycle,Married,70829,1,1,87
6233,1976,Graduation,Married,65991,0,1,21
4148,1972,Graduation,Married,38988,1,2,90
4947,1966,2n Cycle,Single,89572,0,0,44
3225,1984,Master,Married,42207,1,0,71
7540,1952,Graduation,Married,50300,0,1,52
10648,1982,2n Cycle,Together,66664,0,0,78
1992,1964,Graduation,Married,60597,0,1,2
7851,1949,Graduation,Widow,70165,0,0,60
8594,1958,PhD,Widow,50520,0,1,25
7059,1963,Graduation,Married,80124,0,0,47
2815,1975,Graduation,Married,33183,1,0,46
2416,1969,PhD,Single,66582,0,0,83
7999,1955,PhD,Together,75261,0,0,17
9213,1970,Graduation,Widow,31880,1,0,13
9697,1951,Graduation,Married,53790,0,2,86
3916,1971,PhD,Together,49269,1,0,92
2021,1975,Graduation,Married,61456,0,1,47
1581,1980,Graduation,Married,37406,1,0,18
564,1981,PhD,Together,56937,1,0,81
6619,1978,Graduation,Married,38415,1,1,91
9081,1988,Graduation,Single,20518,1,0,58
178,1956,Graduation,Married,62503,0,1,40
916,1972,PhD,Single,41644,1,1,67
5512,1977,Master,Married,55842,0,1,19
8970,1972,PhD,Married,62010,0,1,93
10581,1977,Graduation,Married,41124,1,0,41
5300,1973,Master,Married,38961,1,0,60
5154,1972,Master,Divorced,37760,1,0,54
8346,1974,Graduation,Single,32233,1,0,26
1676,1975,Graduation,Married,43057,0,1,30
9286,1960,Master,Together,83151,0,0,93
2426,1964,PhD,Divorced,78825,0,0,35
5172,1976,Master,Together,65104,0,1,4
5562,1974,Graduation,Married,60093,0,1,92
3436,1969,Graduation,Married,14045,1,0,24
3921,1952,2n Cycle,Widow,28457,0,0,96
3403,1958,PhD,Together,78952,0,1,11
22,1976,Graduation,Divorced,46310,1,0,99
10965,1955,Graduation,Together,76005,0,0,72
9426,1964,Master,Single,58308,0,1,77
6605,1944,PhD,Divorced,55614,0,0,85
3136,1962,Master,Divorced,59432,0,1,88
8737,1978,Graduation,Divorced,55563,0,1,22
11088,1971,PhD,Together,78642,0,1,83
716,1949,PhD,Together,67911,0,1,63
466,1944,Graduation,Married,65275,0,0,9
9135,1950,Graduation,Together,27203,1,1,92
10623,1961,Master,Together,48330,0,1,2
8151,1990,Basic,Married,24279,0,0,6
5140,1985,PhD,Married,64355,1,0,66
10160,1956,Master,Together,50943,0,1,49
4945,1953,Graduation,Widow,53653,0,0,29
10584,1976,Graduation,Married,65665,0,1,77
6071,1989,Graduation,Single,81217,0,0,77
3386,1992,Graduation,Married,34935,0,0,71
8939,1959,Graduation,Divorced,61250,0,1,49
9925,1981,PhD,Together,39665,1,0,97
4320,1979,Graduation,Single,60152,0,1,6
5389,1964,Graduation,Married,48920,0,2,93
6036,1959,Master,Together,89120,0,0,78
182,1946,PhD,Together,44124,0,1,62
203,1975,Master,Single,81169,0,0,47
11025,1961,Graduation,Married,36443,1,1,9
10203,1990,Graduation,Single,26095,1,0,77
4607,1959,Graduation,Together,71367,0,0,24
3711,1944,Master,Married,80184,0,0,19
3696,1965,Graduation,Divorced,30630,1,1,67
2532,1987,Master,Single,73454,0,0,95
9214,1991,Graduation,Married,42691,0,0,48
4943,1953,Graduation,Married,70503,0,0,73
35,1987,Graduation,Married,25545,1,0,35
2258,1986,Graduation,Married,32880,1,0,76
4322,1958,PhD,Together,77863,0,0,20
713,1977,Master,Married,50353,0,0,72
4702,1964,Graduation,Single,61839,0,0,20
3281,1960,PhD,Married,49154,1,1,69
702,1975,2n Cycle,Widow,47682,0,1,80
2004,1969,Graduation,Single,72679,0,1,65
4769,1977,Master,Together,57954,1,1,52
4437,1962,Graduation,Married,65316,1,1,65
8724,1982,Graduation,Single,28567,1,0,57
10741,1951,Master,Together,47352,0,1,70
1991,1967,Graduation,Together,44931,0,1,0
6931,1967,Graduation,Divorced,76982,0,0,19
11096,1952,2n Cycle,Together,57247,0,1,50
304,1981,Master,Single,22944,1,0,67
3665,1977,2n Cycle,Together,25315,1,0,46
10591,1969,Graduation,Widow,43638,0,1,37
5036,1984,PhD,Single,42710,1,0,38
5547,1982,PhD,Married,84169,0,0,9
7822,1976,Graduation,Together,54058,0,1,56
8541,1990,2n Cycle,Married,24683,1,0,98
10955,1964,Graduation,Widow,85620,0,0,68
4368,1980,Graduation,Married,47850,1,0,72
9671,1968,Graduation,Married,19514,1,1,47
2256,1973,Master,Married,27159,1,1,33
4279,1963,2n Cycle,Single,39548,1,1,87
5371,1989,Graduation,Single,21474,1,0,0
9240,1971,PhD,Single,60504,0,1,73
9460,1963,Graduation,Married,22419,0,0,74
9504,1949,Master,Married,81698,0,0,4
8692,1952,Graduation,Together,43462,1,1,50
448,1978,PhD,Single,54880,1,0,57
8314,1982,Graduation,Married,79908,0,0,30
8420,1970,2n Cycle,Married,15315,0,0,27
3174,1959,Graduation,Together,87771,0,1,61
7685,1978,Graduation,Married,33039,1,0,4
3179,1980,Graduation,Single,81741,0,0,75
9780,1971,Master,Together,71499,0,1,12
10681,1970,2n Cycle,Married,62466,0,1,13
10232,1963,PhD,Divorced,48799,0,1,9
4184,1950,PhD,Together,52157,0,1,48
9120,1962,Graduation,Single,66565,0,1,80
891,1951,Master,Together,29298,1,1,60
10381,1979,Graduation,Single,47691,0,1,43
3525,1970,Graduation,Together,38200,1,1,19
6818,1974,Graduation,Married,44989,0,1,26
3526,1968,PhD,Married,38443,1,1,58
8181,1978,2n Cycle,Single,38593,1,0,42
1029,1970,PhD,Together,64413,0,1,27
7369,1981,Master,Married,36959,1,0,56
2574,1977,PhD,Married,61996,0,1,27
8159,1968,Graduation,Married,51287,1,1,10
1160,1970,Graduation,Married,13260,1,1,48
10242,1966,PhD,Together,47472,1,1,39
5253,1956,Master,Together,54603,1,1,85
5966,1974,PhD,Married,45207,1,1,64
5314,1951,Graduation,Together,40689,0,1,69
5081,1967,2n Cycle,Together,47821,1,1,54
5123,1951,Master,Married,27450,0,0,57
5756,1983,Graduation,Together,39453,1,0,64
8036,1971,2n Cycle,Together,26850,1,1,10
9058,1955,Graduation,Widow,79800,0,0,65
5057,1961,Master,Married,61794,0,1,74
254,1955,Graduation,Together,53863,0,1,4
4179,1959,Graduation,Together,24221,0,0,94
3710,1984,PhD,Single,39684,1,0,41
7627,1975,Master,Married,92163,0,0,25
4501,1965,Master,Single,69882,0,0,94
6424,1977,Graduation,Together,33178,1,0,9
3075,1972,PhD,Married,59973,0,0,47
4992,1975,Master,Together,17459,1,0,12
5252,1969,Graduation,Divorced,23910,1,0,80
7444,1969,Master,Married,42169,1,1,20
6919,1978,2n Cycle,Married,26224,1,0,39
3537,1981,Graduation,Together,31089,1,0,57
10277,1961,Graduation,Single,30081,0,1,27
2453,1960,Graduation,Together,62807,0,1,83
7972,1955,Graduation,Single,72906,0,0,79
895,1948,PhD,Married,61467,0,2,69
1177,1966,Master,Together,49618,1,1,77
7141,1986,Master,Single,21888,1,0,15
7232,1973,Graduation,Widow,42429,0,1,99
8477,1956,Graduation,Divorced,26150,2,1,61
2457,1975,Basic,Married,30801,0,1,23
988,1965,Graduation,Married,81168,0,0,84
7930,1969,Master,Single,26877,0,0,74
4587,1944,Master,Widow,45006,0,0,90
6682,1973,Basic,Married,18978,1,0,41
6222,1967,Graduation,Married,22574,2,1,28
10299,1969,PhD,Single,48240,0,0,73
3083,1974,Graduation,Married,45837,1,1,88
8953,1965,Master,Single,35791,2,1,94
1503,1976,PhD,Together,162397,1,1,31
8650,1978,Graduation,Widow,54162,1,1,31
10862,1960,Master,Married,30522,0,1,6
2782,1961,PhD,Married,54456,0,1,23
6941,1971,Graduation,Single,31632,0,0,92
10972,1949,Graduation,Widow,72298,0,0,52
10708,1978,2n Cycle,Single,36975,1,0,50
6583,1955,2n Cycle,Married,72635,0,0,54
3641,1976,Graduation,Married,13624,1,0,93
10156,1975,Graduation,Single,84196,0,1,56
4299,1960,Graduation,Together,70971,0,1,28
3469,1977,PhD,Divorced,34487,1,1,94
5063,1977,Graduation,Single,28769,1,0,76
10727,1970,PhD,Married,69084,1,0,43
9624,1958,PhD,Together,65488,0,0,46
5156,1970,2n Cycle,Married,62466,0,1,13
4376,1960,2n Cycle,Single,32218,0,0,27
8923,1973,Graduation,Single,83917,0,0,12
8461,1962,Graduation,Divorced,46102,2,1,3
6945,1952,Graduation,Single,84574,0,0,72
944,1962,Graduation,Married,56181,0,1,6
1907,1950,Master,Divorced,63120,0,1,53
701,1971,Graduation,Married,73691,0,1,58
3856,1960,Graduation,Together,63381,0,1,78
4149,1948,PhD,Together,76140,0,0,57
2131,1959,PhD,Divorced,62859,0,1,37
2942,1964,Graduation,Single,45906,0,1,20
1173,1947,Master,Together,77632,0,0,73
4381,1971,PhD,Married,46463,1,1,56
4611,1970,Graduation,Together,105471,0,0,36
3376,1970,Master,Divorced,55282,1,0,9
4679,1977,Master,Married,78710,0,1,42
10928,1958,Graduation,Together,66886,0,1,28
4248,1960,Master,Single,98777,0,0,23
6728,1985,Graduation,Together,29103,1,0,38
6661,1974,Graduation,Married,67445,0,1,63
4725,1950,PhD,Together,50616,0,1,71
3277,1955,Graduation,Divorced,49431,0,1,9
5555,1975,Graduation,Divorced,153924,0,0,81
2564,1953,Graduation,Together,61278,0,1,87
946,1958,2n Cycle,Together,26490,0,0,92
3867,1947,PhD,Together,73059,0,1,36
6940,1966,PhD,Single,46734,1,2,86
55,1963,Graduation,Together,56253,0,1,83
7093,1985,Graduation,Married,19986,1,0,74
5084,1975,Graduation,Widow,58330,0,1,87
1777,1980,Basic,Married,25965,0,0,29
8162,1956,Master,Together,14661,0,0,88
10826,1959,Graduation,Married,18690,0,0,77
8754,1974,PhD,Together,45068,0,1,25
1987,1987,Basic,Single,21063,1,0,34
11007,1968,PhD,Married,29187,1,0,43
7426,1971,2n Cycle,Married,54690,1,1,76
9153,1964,PhD,Married,59304,0,1,81
10379,1962,Master,Single,59247,0,2,87
9204,1970,Graduation,Widow,66731,0,1,33
3197,1980,Graduation,Married,77353,0,1,38
2920,1975,PhD,Single,52614,0,1,63
6961,1974,Graduation,Married,26751,2,0,26
4673,1963,PhD,Married,81300,0,1,17
9937,1979,Graduation,Single,70337,0,0,75
8779,1985,2n Cycle,Married,36145,1,0,13
9596,1980,PhD,Single,65295,0,0,19
2891,1963,Graduation,Divorced,68118,0,1,51
4910,1967,Graduation,Divorced,68743,0,0,81
75,1982,2n Cycle,Together,41039,0,0,32
10120,1955,Graduation,Together,38946,0,1,84
6327,1967,Graduation,Together,65777,0,0,87
10142,1976,PhD,Divorced,66476,0,1,99
9826,1972,PhD,Single,86857,0,0,96
1501,1982,PhD,Married,160803,0,0,21
10767,1989,PhD,Together,77845,0,0,40
7279,1969,PhD,Together,69476,0,0,3
7230,1960,PhD,Divorced,50611,0,1,98
143,1970,Graduation,Single,61209,0,0,73
450,1958,Master,Together,42315,0,1,90
9316,1952,Basic,Together,13084,0,0,29
6379,1949,Master,Widow,47570,1,1,3
9239,1961,Master,Married,61923,0,2,94
8315,1995,Graduation,Single,34824,0,0,65
2868,1949,PhD,Single,26518,1,1,33
10888,1961,Graduation,Single,45938,0,0,46
1277,1960,Graduation,Together,78468,0,0,29
9977,1973,Graduation,Divorced,78901,0,1,99
10196,1978,Graduation,Married,71427,2,0,26
6384,1978,Graduation,Divorced,71022,0,1,30
8029,1988,Master,Single,90247,0,0,27
968,1968,Master,Divorced,41335,1,0,24
6988,1986,Graduation,Married,71952,1,0,93
4472,1970,PhD,Divorced,35682,1,0,34
6991,1951,Graduation,Divorced,43185,0,1,88
3336,1948,PhD,Together,66375,0,1,96
4301,1971,Master,Married,35178,1,0,10
1940,1986,Graduation,Married,25252,1,0,26
1272,1965,Master,Single,55250,0,1,49
1388,1975,Graduation,Single,33249,1,0,11
1044,1953,Graduation,Together,58398,0,0,44
6969,1982,Graduation,Together,50272,1,0,75
10479,1975,PhD,Married,76618,0,0,64
3619,1960,2n Cycle,Divorced,87305,0,0,19
1715,1978,Graduation,Together,25851,1,0,45
10159,1970,Graduation,Divorced,58710,0,1,77
1463,1958,Graduation,Single,45160,1,1,9
5114,1965,Master,Married,74806,0,1,1
4990,1954,Graduation,Married,59111,0,0,90
4329,1984,PhD,Married,18988,1,0,43
10936,1965,Graduation,Married,72190,0,0,79
4692,1976,Graduation,Married,7500,1,0,19
7212,1966,Graduation,Married,44794,0,1,99
6086,1955,Graduation,Married,80395,0,0,62
437,1976,Master,Divorced,75012,0,0,41
11171,1965,Master,Married,56962,2,1,60
11101,1991,Graduation,Together,89891,0,0,17
5329,1949,PhD,Divorced,35946,1,1,24
610,1953,PhD,Together,53593,1,1,60
9384,1978,Graduation,Married,66373,1,1,57
5956,1948,PhD,Divorced,45072,1,2,74
10430,1973,Graduation,Divorced,89694,1,1,22
7875,1949,Graduation,Married,72025,0,0,46
7072,1973,Graduation,Married,67432,0,1,69
6255,1952,Master,Together,70545,0,1,29
6516,1989,Basic,Married,17487,1,0,37
5564,1969,Graduation,Together,62882,0,1,26
5682,1953,PhD,Single,64108,0,1,8
7458,1956,Master,Together,34941,1,1,26
5237,1950,PhD,Single,48767,1,2,79
7761,1978,2n Cycle,Together,38702,1,0,71
5278,1964,Graduation,Married,82224,0,0,83
3560,1952,Graduation,Together,83844,0,0,57
7235,1975,2n Cycle,Married,17003,1,0,37
10548,1995,Graduation,Single,71163,0,0,30
2281,1970,Graduation,Single,33697,1,0,34
4073,1954,2n Cycle,Married,63564,0,0,0
6974,1972,PhD,Together,83443,0,0,89
7938,1958,PhD,Together,51518,0,1,92
7094,1975,Graduation,Widow,58330,0,1,87
3667,1969,Graduation,Married,80952,0,0,20
7723,1979,Graduation,Together,75507,0,0,56
3870,1978,2n Cycle,Together,63855,0,0,28
4012,1972,PhD,Together,62220,0,1,55
5909,1964,Graduation,Married,58512,0,1,25
10470,1979,Master,Married,40662,1,0,0
6488,1959,PhD,Married,38829,0,1,86
10270,1981,2n Cycle,Married,35523,1,0,8
6887,1967,Graduation,Single,79146,1,1,33
6406,1988,Master,Married,78285,0,0,13
7573,1978,PhD,Single,31626,1,0,12
4508,1952,Graduation,Single,75127,0,0,92
221,1955,Graduation,Married,48726,0,1,90
5331,1977,Graduation,Married,74985,0,0,8
1911,1987,Graduation,Together,67430,0,0,6
20,1965,2n Cycle,Married,46891,0,1,91
8786,1956,Master,Married,62058,0,1,52
10582,1979,Graduation,Married,72063,0,1,3
1915,1951,PhD,Married,78939,0,0,57
8897,1965,Graduation,Single,42720,1,1,9
2371,1972,Graduation,Married,33622,1,1,22
4303,1957,PhD,Together,6835,0,1,76
6825,1953,Graduation,Together,41452,1,1,86
1072,1965,PhD,Single,40760,0,1,64
4964,1958,PhD,Together,74250,0,0,90
2461,1955,Master,Single,51124,1,1,79
10736,1971,Graduation,Single,72258,0,1,28
3194,1974,PhD,Single,71466,0,0,86
10839,1976,Graduation,Together,36283,1,1,42
49,1970,Graduation,Single,20587,1,0,39
4290,1972,Graduation,Married,30467,1,0,8
10219,1972,Graduation,Together,31590,1,0,40
4211,1986,Basic,Married,20425,1,0,5
1135,1960,Master,Together,17144,1,1,96
6299,1968,PhD,Divorced,42564,0,1,28
10846,1978,Master,Married,43783,1,0,22
347,1976,Graduation,Divorced,40780,0,1,30
6543,1945,Master,Together,62847,0,0,45
10446,1957,PhD,Married,82017,0,0,58
3479,1950,Graduation,Single,16813,0,0,49
11075,1978,Graduation,Married,51267,1,1,37
4442,1961,Graduation,Single,46524,0,1,70
199,1962,Master,Single,45183,0,0,33
6722,1954,PhD,Married,70421,0,1,98
796,1965,2n Cycle,Divorced,60161,0,1,17
3749,1973,Graduation,Together,73926,0,0,54
8523,1968,Graduation,Married,19329,1,0,39
310,1970,Master,Married,61872,0,1,81
8629,1956,Graduation,Widow,46984,1,1,71
236,1951,Graduation,Married,34838,1,1,62
9930,1944,PhD,Single,82716,0,0,8
3483,1958,Graduation,Married,48192,0,0,76
4599,1976,Master,Married,49681,0,2,66
7326,1971,Master,Married,56850,0,1,83
7352,1957,Graduation,Married,55267,0,1,28
2350,1972,Graduation,Married,59666,1,1,87
9145,1972,Graduation,Single,72504,0,1,43
2964,1981,Graduation,Married,26872,0,0,0
5585,1972,Graduation,Single,21359,1,0,1
9687,1975,Graduation,Single,73170,0,0,1
3732,1955,Master,Married,52750,0,1,72
6303,1986,PhD,Together,91820,0,0,72
11176,1970,PhD,Together,65968,0,1,12
2986,1976,Graduation,Married,30772,1,1,89
7462,1954,Graduation,Single,22507,0,0,67
3900,1972,Graduation,Married,65685,0,1,54
7034,1978,2n Cycle,Married,25804,1,0,34
9493,1980,PhD,Single,76412,0,0,15
1143,1972,Graduation,Married,22063,1,0,43
1,1961,Graduation,Single,57091,0,0,0
3855,1963,Graduation,Married,22419,0,0,74
5536,1959,Graduation,Together,87771,0,1,61
5989,1959,2n Cycle,Divorced,78353,0,1,51
9499,1954,Graduation,Married,93404,1,2,97
6768,1962,Graduation,Divorced,37859,1,2,75
2150,1958,PhD,Widow,80995,0,1,83
6646,1984,Graduation,Together,16529,1,0,23
4887,1976,PhD,Divorced,55412,1,1,65
8560,1992,Graduation,Single,48789,0,0,94
3321,1967,PhD,Together,56575,0,2,42
11003,1980,2n Cycle,Together,25130,1,0,10
10402,1967,Graduation,Married,35441,1,1,94
9904,1956,Graduation,Married,71391,0,1,50
6141,1972,Master,Single,49494,1,0,46
5687,1980,Graduation,Divorced,81702,0,0,98
10856,1980,2n Cycle,Single,45889,0,1,42
5121,1977,Graduation,Single,56628,0,1,30
4186,1950,Graduation,Together,34026,1,1,11
368,1974,Graduation,Married,40049,0,1,61
3312,1988,Graduation,Single,34176,1,0,12
11121,1981,Graduation,Married,19419,1,0,76
5332,1960,2n Cycle,Married,82504,0,0,2
5848,1970,Graduation,Together,81205,0,0,43
10343,1991,2n Cycle,Single,61618,0,0,27
5935,1956,Master,Single,55284,0,1,60
2895,1963,Graduation,Single,49980,0,1,79
10262,1980,Graduation,Married,15072,2,0,96
7848,1974,Graduation,Single,49166,0,1,17
9477,1954,PhD,Married,65324,0,1,0
4856,1957,2n Cycle,Married,82347,0,0,38
7186,1966,PhD,Together,30843,1,1,43
5794,1974,PhD,Married,46374,0,1,1
1456,1979,Graduation,Single,60474,0,1,25
4877,1973,Master,Married,38576,0,1,2
425,1985,Graduation,Married,55357,2,0,66
3007,1966,Graduation,Together,37758,1,1,49
1031,1989,2n Cycle,Married,85710,0,0,5
4297,1969,Graduation,Together,23228,1,0,71
807,1969,Master,Together,44602,1,1,35
9553,1987,Graduation,Married,7500,0,0,94
4271,1989,2n Cycle,Together,38683,1,0,80
4120,1975,2n Cycle,Single,49514,1,0,61
2036,1973,PhD,Together,57906,0,1,29
115,1966,Master,Single,43456,0,1,0
4259,1986,Master,Single,19485,2,0,80
8687,1978,Graduation,Together,53172,0,1,54
2447,1979,Graduation,Together,30545,1,0,71
10140,1983,PhD,Together,70123,0,0,27
9353,1959,Graduation,Single,62450,0,1,61
3623,1976,Graduation,Together,21675,1,0,55
738,1981,2n Cycle,Single,42395,1,1,35
7631,1978,Master,Together,61346,1,0,34
4789,1953,Graduation,Together,80812,0,0,95
773,1971,Master,Divorced,42835,1,1,64
10602,1983,Graduation,Married,39922,1,0,30
1446,1956,Master,Single,86424,0,0,12
3270,1978,2n Cycle,Together,17117,1,0,96
8443,1972,Graduation,Single,24762,1,0,16
9653,1975,Graduation,Married,35797,0,1,16
8916,1975,Graduation,Divorced,36627,2,0,78
8017,1981,2n Cycle,Married,51111,1,1,83
5830,1972,PhD,Single,86857,0,0,96
4597,1970,PhD,Together,82072,0,0,67
7023,1953,PhD,Single,46231,2,1,87
8086,1959,Graduation,Married,42243,1,1,34
8825,1962,Graduation,Together,51195,1,1,46
2930,1978,Master,Single,68092,0,0,7
1928,1973,Graduation,Married,31814,1,0,73
7108,1965,Master,Widow,51390,1,1,54
10925,1983,Graduation,Married,76630,0,0,93
9960,1991,Basic,Single,26868,1,0,52
8800,1943,PhD,Divorced,48948,0,0,53
9224,1972,PhD,Single,55260,0,1,81
5519,1956,Graduation,Together,64090,0,1,8
5046,1958,Graduation,Divorced,78331,0,1,97
7037,1974,PhD,Married,37087,1,0,50
905,1986,Graduation,Divorced,21846,1,0,38
8624,1958,Graduation,Married,81320,0,0,61
8945,1970,Graduation,Divorced,54137,0,1,46
6445,1967,Graduation,Together,66825,0,0,73
2727,1973,Graduation,Together,57100,0,0,19
6404,1969,Graduation,Together,58917,1,2,10
11074,1977,Graduation,Single,85072,0,0,94
10150,1961,Graduation,Single,86429,0,0,10
1968,1971,Graduation,Widow,45684,1,0,37
6534,1974,Graduation,Together,47889,1,0,94
9485,1986,PhD,Married,45921,0,0,23
7053,1966,PhD,Single,78420,0,0,75
4654,1992,Graduation,Together,75114,0,0,40
9760,1963,PhD,Widow,52278,0,1,24
1048,1972,Master,Married,35641,1,0,11
10619,1994,Graduation,Single,95529,0,0,29
9308,1954,Graduation,Married,62820,0,0,51
10505,1960,Master,Together,73113,0,0,86
8362,1982,PhD,Married,84169,0,0,9
2625,1954,2n Cycle,Single,42607,0,1,30
4637,1954,PhD,Single,74637,0,0,73
9972,1955,PhD,Together,46015,1,1,25
4483,1993,Graduation,Single,72354,0,0,67
4487,1969,Master,Single,39858,1,0,67
4988,1948,PhD,Married,34469,1,1,58
8931,1986,Graduation,Together,83033,1,0,82
5871,1979,Master,Together,24401,0,0,98
2008,1978,Graduation,Married,77583,0,0,93
3139,1982,2n Cycle,Single,74116,0,0,53
10037,1993,Graduation,Single,74293,0,0,66
10673,1976,PhD,Married,68397,0,1,6
5303,1974,PhD,Together,79632,0,0,42
538,1989,Graduation,Single,46107,1,0,78
7922,1951,PhD,Single,64950,0,1,29
5692,1989,Basic,Married,25443,1,0,82
4843,1952,Graduation,Single,75127,0,0,92
6383,1971,PhD,Together,32892,1,0,78
1628,1971,Graduation,Together,71796,0,0,54
1204,1970,PhD,Married,67536,0,1,45
3673,1971,Graduation,Single,55239,0,1,59
760,1975,PhD,Divorced,60554,1,0,8
8957,1952,2n Cycle,Single,64831,1,1,51
4128,1962,PhD,Together,56067,0,1,51
6810,1983,Graduation,Divorced,82025,0,0,76
5386,1953,Graduation,Together,94384,0,0,62
8700,1986,Basic,Single,14906,0,0,86
3202,1987,PhD,Married,51563,0,0,60
1328,1982,2n Cycle,Married,57937,0,1,56
8405,1979,Graduation,Divorced,68274,1,1,83
6515,1977,Graduation,Together,39771,1,0,92
2882,1975,2n Cycle,Divorced,67893,0,1,31
7574,1979,PhD,Together,27922,1,0,80
6387,1976,PhD,Together,52190,1,1,39
5320,1973,Master,Divorced,44051,1,1,20
5048,1971,PhD,Single,42767,2,0,53
8146,1976,Master,Together,46106,1,1,84
10031,1976,PhD,Married,16927,1,1,50
5748,1965,Graduation,Married,59754,0,1,96
2134,1952,Graduation,Single,53700,0,1,94
1523,1973,Graduation,Married,59041,1,1,25
9665,1957,PhD,Divorced,54237,0,1,48
4640,1967,Graduation,Divorced,70647,0,1,65
3635,1962,PhD,Single,52597,0,1,69
3547,1969,Master,Together,41021,1,0,12
2456,1975,PhD,Married,40233,0,1,84
5633,1980,Graduation,Married,50183,1,1,47
7801,1959,Graduation,Together,54753,0,1,87
10489,1973,Graduation,Married,92955,0,0,35
7011,1973,Graduation,Married,33471,1,0,47
2620,1974,PhD,Married,34596,1,0,48
3933,1980,Graduation,Together,44010,1,0,46
10981,1988,Graduation,Married,84219,0,0,27
1734,1968,PhD,Together,40706,2,1,37
10995,1988,2n Cycle,Married,15716,1,0,8
6357,1959,2n Cycle,Divorced,59052,0,1,29
9209,1971,Master,Together,80573,0,0,85
10286,1962,Graduation,Married,83715,0,0,2
2611,1959,Master,Together,82576,0,0,66
1600,1965,Master,Married,56962,2,1,60
3308,1952,Graduation,Married,35704,1,1,54
5407,1954,Graduation,Together,53103,0,1,70
2166,1960,2n Cycle,Widow,46779,1,1,55
3955,1965,Graduation,Divorced,4861,0,0,20
6634,1979,Master,Divorced,33462,1,0,78
3056,1978,Graduation,Divorced,63693,0,1,63
5718,1950,Graduation,Married,80763,0,0,17
6872,1974,PhD,Married,65352,0,1,43
8164,1978,PhD,Married,82170,0,0,13
4580,1969,Graduation,Married,75759,0,0,46
9305,1976,2n Cycle,Single,79689,0,0,65
453,1956,PhD,Widow,35340,1,1,1
8545,1954,Graduation,Divorced,85683,0,0,6
9850,1972,2n Cycle,Married,24884,1,0,32
7378,1981,Master,Together,42021,1,0,34
7646,1989,Graduation,Single,64449,1,0,70
1640,1954,Graduation,Divorced,64587,1,1,49
5184,1995,Graduation,Single,34824,0,0,65
8492,1978,Graduation,Together,75437,0,0,25
11188,1957,Graduation,Together,26091,1,1,84
1212,1973,Graduation,Married,52845,1,0,7
9097,1956,Graduation,Divorced,46086,0,1,34
10473,1956,PhD,Widow,78028,0,1,38
7962,1987,PhD,Single,95169,0,0,1
9984,1981,2n Cycle,Married,56337,1,1,25
5527,1987,Graduation,Together,22434,1,0,25
6374,1954,PhD,Married,36930,0,1,50
7453,1954,Graduation,Single,36130,0,1,46
8952,1953,Master,Married,65569,0,1,96
241,1952,Graduation,Together,83844,0,0,57
8975,1968,Graduation,Married,19514,1,1,47
6119,1963,PhD,Single,36736,1,1,52
5236,1979,Graduation,Together,77568,0,1,30
5723,1976,PhD,Together,49187,0,1,63
1710,1978,Graduation,Single,30168,1,0,51
1970,1968,Master,Together,34053,0,1,14
5313,1971,Master,Married,38196,1,1,20
10634,1951,Master,Married,59412,0,0,56
7010,1965,2n Cycle,Married,70924,0,0,41
8562,1969,Graduation,Together,54165,0,0,72
3158,1973,Graduation,Married,32300,1,0,1
4436,1976,Graduation,Single,20180,0,0,27
5287,1973,Graduation,Married,34961,1,0,77
2445,1974,PhD,Together,28440,1,0,87
6059,1953,PhD,Together,64504,1,2,81
4550,1966,Master,Together,33564,0,1,51
4240,1978,Graduation,Married,17345,1,0,79
8911,1967,PhD,Married,56320,0,1,11
3706,1978,Graduation,Single,28647,1,0,54
3628,1987,Basic,Single,15038,1,0,93
10175,1958,PhD,Divorced,32173,0,1,0
8985,1964,2n Cycle,Together,68316,0,1,54
5204,1971,Graduation,Together,74538,0,0,21
9220,1971,Graduation,Single,91700,0,0,58
9888,1969,Graduation,Together,68695,0,0,3
5263,1977,2n Cycle,Married,31056,1,0,99
1020,1973,Graduation,Married,79593,0,0,70
9503,1980,Graduation,Single,28071,0,0,65
10613,1958,PhD,Together,37334,1,1,44
67,1972,Master,Single,46423,1,1,6
6019,1971,PhD,Married,37126,1,0,9
5863,1953,Graduation,Married,47703,0,1,95
3717,1959,Graduation,Married,61180,0,1,70
6730,1954,Graduation,Married,38998,1,1,92
10749,1991,Graduation,Single,8028,0,0,62
4998,1962,Graduation,Together,76081,0,0,85
6287,1986,Graduation,Together,34728,1,0,2
5985,1965,Master,Single,33168,0,1,0
4754,1966,Master,Married,33585,0,1,91
4002,1960,PhD,Married,77037,0,1,3
8870,1984,Graduation,Together,35196,1,0,68
966,1966,Graduation,Married,44529,0,1,98
4767,1965,2n Cycle,Married,70924,0,0,41
9725,1966,PhD,Together,28764,1,1,16
4475,1949,PhD,Married,69098,0,0,82
5740,1970,2n Cycle,Divorced,25959,1,1,1
5731,1983,Master,Married,27100,1,0,64
7290,1985,Graduation,Single,70596,0,0,68
3846,1974,Graduation,Married,42557,0,1,98
8104,1951,PhD,Married,53312,0,0,32
4507,1952,Graduation,Single,72228,0,0,87
11013,1987,Graduation,Together,67605,0,0,84
4491,1949,Master,Married,62845,1,1,3
3759,1958,Graduation,Together,65196,0,2,34
1162,1987,PhD,Single,42000,0,0,23
2055,1973,PhD,Divorced,35860,1,1,37
10766,1964,PhD,Married,65526,0,1,22
4415,1961,Graduation,Married,16860,1,1,19
3005,1992,Graduation,Single,83528,0,0,7
2223,1965,2n Cycle,Divorced,64176,0,1,52
4817,1956,Graduation,Divorced,22304,0,0,91
2875,1978,Graduation,Married,67023,0,0,93
10536,1971,PhD,Together,32892,1,0,78
11112,1966,Graduation,Together,70713,0,1,23
3807,1955,Graduation,Together,59925,0,1,83
9197,1953,Graduation,Married,39722,0,1,92
10832,1958,Graduation,Together,46610,0,0,4
6421,1961,Graduation,Together,88347,0,0,32
4207,1981,PhD,Married,87171,0,0,27
577,1976,2n Cycle,Together,26907,1,1,10
10855,1968,Master,Single,50014,1,0,9
3081,1978,PhD,Married,41014,1,0,65
3535,1965,Graduation,Single,66294,0,0,68
247,1971,Graduation,Married,36715,1,0,16
8707,1956,Graduation,Married,79456,0,0,12
9523,1982,Graduation,Together,40479,1,0,95
6072,1970,Master,Single,75345,0,0,16
6295,1977,Graduation,Married,54233,0,1,46
10914,1970,Graduation,Single,24163,1,1,3
1509,1958,PhD,Together,84460,0,0,80
5577,1983,Graduation,Together,43776,1,0,77
7348,1958,PhD,Single,71691,0,0,0
1127,1973,PhD,Married,85844,0,0,62
1833,1974,PhD,Single,39190,1,0,91
4944,1959,Graduation,Together,71367,0,0,24
9080,1972,PhD,Single,38578,1,1,2
6466,1965,PhD,Married,57236,1,1,22
9964,1979,Graduation,Single,61825,0,1,56
4790,1958,Graduation,Divorced,79803,0,1,54
10245,1986,2n Cycle,Single,80910,0,0,71
1109,1982,Master,Together,27590,1,0,38
6001,1979,Graduation,Married,56775,0,1,62
5538,1975,Graduation,Divorced,83829,0,0,78
10552,1979,2n Cycle,Married,54210,0,1,18
1545,1986,Graduation,Married,38508,1,0,95
7409,1970,Graduation,Together,53187,1,0,66
4444,1972,Graduation,Married,30023,1,0,28
146,1960,PhD,Single,76045,0,0,78
6271,1952,PhD,Married,50870,0,1,13
10065,1970,2n Cycle,Married,15315,0,0,27
4741,1974,2n Cycle,Married,65463,1,0,17
246,1965,Graduation,Married,66480,1,1,71
375,1954,Graduation,Divorced,76773,0,0,79
1524,1983,2n Cycle,Single,81698,0,0,1
10022,1973,PhD,Single,54466,1,1,78
7451,1960,Master,Single,98777,0,0,23
11010,1984,PhD,Single,16269,1,0,75
4356,1971,Graduation,Together,71819,0,1,70
3885,1983,PhD,Married,33569,1,0,10
1175,1983,Master,Married,36262,0,0,24
880,1966,Basic,Together,22634,0,0,47
2320,1978,2n Cycle,Married,47025,0,1,98
850,1968,Graduation,Single,70566,0,1,4
4713,1979,PhD,Married,31605,1,0,15
675,1973,Master,Divorced,52034,1,1,67
5025,1979,Graduation,Single,48526,1,0,32
2308,1954,Graduation,Married,46734,0,1,40
5995,1962,Graduation,Divorced,39552,1,1,54
6749,1966,Graduation,Single,86358,1,1,78
1010,1977,Graduation,Together,46931,2,1,94
8977,1985,Basic,Single,16581,0,0,51
4756,1952,2n Cycle,Divorced,63998,0,0,42
3412,1951,Master,Married,67381,0,1,67
606,1967,Graduation,Single,25930,1,1,87
5961,1978,Graduation,Married,42693,1,0,29
2975,1976,Graduation,Together,85606,0,1,89
2894,1985,Graduation,Single,72903,0,0,74
7613,1974,2n Cycle,Together,49669,1,0,97
10542,1968,PhD,Married,36778,1,1,63
8015,1962,PhD,Divorced,85696,0,0,88
10617,1989,Master,Divorced,10979,0,0,34
11166,1961,Graduation,Married,49678,0,1,81
849,1953,Master,Together,56129,0,1,65
523,1989,Graduation,Married,37155,1,0,51
4066,1978,2n Cycle,Divorced,21282,1,0,76
8414,1962,PhD,Single,33419,0,1,76
819,1945,Graduation,Widow,63285,0,0,84
4961,1974,Master,Together,21255,1,0,56
749,1981,Graduation,Together,42162,1,0,31
5430,1956,Graduation,Together,54450,1,1,0
7755,1954,PhD,Married,57744,0,1,91
10525,1986,Graduation,Single,26576,1,0,40
1453,1943,PhD,Widow,57513,0,0,59
8310,1964,Graduation,Together,68142,0,1,96
10710,1979,Graduation,Married,7500,0,1,61
5031,1974,Graduation,Together,83145,0,0,14
2613,1960,Master,Married,54197,0,1,16
213,1963,PhD,Single,23091,1,1,98
967,1976,Graduation,Married,46049,1,1,11
1077,1974,Graduation,Together,56715,0,0,52
7959,1961,Graduation,Married,79410,0,0,19
640,1951,Graduation,Married,57304,0,1,61
4252,1965,Graduation,Married,44375,0,1,73
8432,1956,Graduation,Together,54450,1,1,0
6218,1965,Graduation,Married,59594,0,1,74
6905,1994,Graduation,Together,80685,0,0,55
5922,1974,PhD,Married,40344,0,1,48
3598,1972,Graduation,Married,62710,0,1,53
6116,1968,2n Cycle,Married,48985,0,1,13
6263,1968,Graduation,Together,35322,1,2,34
10486,1948,Graduation,Married,77142,0,0,54
2410,1969,Graduation,Single,81657,0,0,69
193,1996,Basic,Married,14421,0,0,81
3363,1974,2n Cycle,Married,20130,0,0,99
8278,1990,PhD,Married,74214,0,0,3
10660,1957,Master,Married,66726,1,1,61
8686,1979,Basic,Together,23724,1,0,65
1604,1960,Master,Married,47353,0,1,93
5907,1952,Master,Married,33444,1,1,24
10669,1981,Graduation,Married,54386,0,1,8
2918,1981,Graduation,Divorced,28510,1,1,72
5735,1991,Master,Single,90638,0,0,29
359,1950,Graduation,Together,48070,0,1,33
8387,1957,Graduation,Married,43140,0,1,68
1829,1961,PhD,Divorced,54959,0,1,55
3839,1958,Basic,Single,15056,1,1,76
9392,1971,Graduation,Single,26954,1,0,17
2292,1985,Graduation,Single,22327,1,0,94
10466,1965,Graduation,Married,44393,1,1,86
9855,1952,PhD,Single,62000,0,1,25
4088,1962,PhD,Together,31497,0,1,22
5231,1974,2n Cycle,Married,45894,0,2,15
590,1970,Master,Divorced,78579,0,0,35
8732,1969,Master,Widow,67369,0,1,81
2315,1960,Graduation,Divorced,58401,0,1,55
3515,1952,Graduation,Single,62307,0,1,94
2245,1969,Master,Married,43641,1,1,50
6283,1968,Master,Divorced,63841,0,1,64
2246,1965,2n Cycle,Married,46891,0,1,91
6606,1969,Master,Married,70091,1,0,11
5545,1972,PhD,Married,78075,0,0,72
7342,1961,2n Cycle,Widow,59184,0,1,6
837,1977,Graduation,Married,54809,1,1,0
9500,1959,Graduation,Married,58113,0,1,66
3602,1958,Master,Married,51412,0,1,42
234,1979,Graduation,Divorced,15287,1,0,60
2995,1957,Master,Together,66636,0,0,64
1118,1956,Master,Married,50965,0,1,87
7789,1965,PhD,Married,84618,0,0,96
3068,1990,Graduation,Married,18351,0,0,1
8955,1957,PhD,Together,40451,0,2,54
945,1965,Graduation,Together,36317,0,1,53
5644,1957,Graduation,Together,42213,0,1,96
7192,1955,Graduation,Together,65748,0,1,58
2324,1972,Graduation,Together,77044,0,1,12
697,1969,Graduation,Together,74918,0,0,78
3439,1972,Graduation,Married,56721,1,1,64
1506,1975,Graduation,Single,42160,1,1,26
232,1965,Graduation,Single,61559,0,1,8
8876,1963,PhD,Together,33629,1,1,49
4500,1991,PhD,Together,68682,0,0,56
9739,1963,Graduation,Single,34377,0,1,55
10395,1986,Basic,Single,8940,1,0,25
1176,1973,Graduation,Married,26228,1,0,50
1627,1957,2n Cycle,Divorced,77297,0,0,84
938,1981,Graduation,Married,40211,1,1,30
2740,1958,PhD,Widow,33438,1,1,81
257,1959,PhD,Married,75032,0,1,74
4058,1955,PhD,Single,61284,0,0,76
7736,1986,Graduation,Married,22518,1,0,36
8210,1975,Master,Married,54730,0,1,64
833,1955,Master,Married,38452,1,1,62
6230,1971,Graduation,Divorced,44421,1,1,53
7325,1986,PhD,Together,38197,1,0,86
1307,1978,Graduation,Divorced,41986,0,1,15
1502,1983,Graduation,Together,28427,1,0,67
6211,1976,PhD,Together,37395,1,0,47
843,1971,Graduation,Married,64722,1,0,47
4174,1956,Master,Together,55249,0,1,81
9757,1972,Graduation,Together,84906,0,0,98
6918,1989,Graduation,Married,28691,1,0,56
286,1952,Graduation,Single,44213,1,1,48
11086,1984,Basic,Single,25707,1,0,18
1921,1967,PhD,Married,59062,2,1,74
4138,1962,Graduation,Single,76624,0,1,68
7718,1947,Master,Together,66000,0,0,36
1291,1978,PhD,Together,27683,1,0,90
6862,1971,Graduation,Divorced,1730,0,0,65
4136,1992,Basic,Single,7500,1,0,63
803,1968,Graduation,Together,40521,1,1,82
4298,1973,PhD,Together,20427,1,0,63
10833,1975,Graduation,Married,65106,0,1,55
9606,1965,PhD,Married,69969,0,0,64
8534,1952,Graduation,Married,67433,0,2,51
5153,1967,PhD,Married,77766,0,1,97
961,1972,Graduation,Married,74716,0,1,92
5011,1963,Graduation,Divorced,68118,0,1,51
6653,1970,PhD,Married,55158,1,1,72
9094,1955,2n Cycle,Married,62972,0,1,39
810,1975,Graduation,Married,74190,0,1,49
5493,1976,Graduation,Married,39356,1,1,21
2147,1969,Graduation,Together,76653,0,0,91
5107,1973,PhD,Divorced,35860,1,1,37
3979,1983,PhD,Divorced,90687,0,0,98
6049,1982,Master,Together,73450,0,0,85
8147,1960,Graduation,Married,31454,1,1,40
1857,1952,Graduation,Single,47139,1,1,2
3910,1975,Graduation,Divorced,83829,0,0,78
5207,1963,PhD,Married,53378,1,1,41
11114,1970,Graduation,Together,19656,1,0,94
5429,1948,PhD,Married,45579,0,1,10
9400,1958,2n Cycle,Single,85485,0,0,73
1740,1944,Graduation,Married,55956,0,0,22
7488,1963,Master,Single,64191,0,1,30
195,1972,Graduation,Single,38808,1,0,21
635,1966,Master,Married,57183,1,1,51
7527,1968,Master,Divorced,23748,1,0,97
10319,1971,Graduation,Married,66303,0,1,56
2296,1975,Master,Married,37368,1,0,4
10637,1964,Graduation,Married,40800,1,2,77
2931,1978,Graduation,Divorced,71847,0,0,95
907,1975,Graduation,Married,46149,0,1,36
3698,1983,Graduation,Together,78687,0,0,13
9516,1971,2n Cycle,Divorced,49118,0,0,90
679,1957,PhD,Married,37633,1,1,49
7384,1951,Master,Together,39767,0,0,18
5043,1951,Basic,Married,26997,0,0,89
5267,1970,Graduation,Divorced,33986,1,0,43
339,1972,PhD,Married,57091,0,1,82
2516,1969,2n Cycle,Married,46831,1,1,84
9010,1972,Master,Married,83151,0,0,80
378,1971,Graduation,Married,52531,0,0,68
4808,1956,Graduation,Married,15759,0,0,12
5068,1971,Graduation,Single,22804,1,0,75
7628,1973,2n Cycle,Married,43050,1,0,10
7128,1977,PhD,Single,42997,1,1,91
2811,1963,PhD,Single,48918,1,1,21
3551,1954,Master,Together,60033,0,1,28
1663,1978,PhD,Together,34043,1,0,97
5543,1966,Graduation,Together,57811,0,1,49
1577,1946,Graduation,Married,78569,0,0,14
10641,1978,Graduation,Single,7500,1,1,5
5336,1971,Master,Together,157733,1,0,37
6024,1953,Graduation,Together,94384,0,0,62
1878,1985,2n Cycle,Married,23148,0,0,83
3099,1970,Graduation,Divorced,44267,1,1,48
6055,1979,Graduation,Married,71626,0,0,94
5841,1966,Graduation,Together,60894,0,1,61
3972,1976,Graduation,Together,50200,1,1,70
4394,1965,PhD,Married,81051,0,0,43
5758,1982,Graduation,Married,65169,0,0,23
6658,1972,Graduation,Together,59868,0,1,37
4603,1960,PhD,Married,65695,0,1,50
8427,1956,Master,Single,64857,0,0,78
10260,1965,Master,Together,45143,0,1,74
7143,1955,2n Cycle,Together,74805,0,1,14
8789,1989,2n Cycle,Married,59060,1,0,77
6197,1962,PhD,Single,27238,1,1,39
4554,1965,Graduation,Together,47009,0,1,89
4937,1973,2n Cycle,Married,46094,1,1,62
1920,1972,Graduation,Married,40321,1,1,59
8749,1984,Graduation,Together,37235,1,0,68
1650,1960,Master,Married,81843,0,0,13
10377,1958,Master,Together,46692,0,1,37
9206,1968,Graduation,Together,77382,0,1,36
10971,1977,Graduation,Single,37774,2,0,28
6398,1974,Basic,Married,18393,1,0,2
9212,1962,Master,Married,72828,0,1,17
7937,1982,Graduation,Married,24711,0,0,86
839,1975,PhD,Married,45503,1,0,54
4246,1982,Master,Single,6560,0,0,2
158,1945,PhD,Together,71604,0,0,3
4832,1979,Graduation,Married,27244,1,0,84
5621,1969,Graduation,Married,48752,1,1,8
1945,1962,Graduation,Married,71434,0,1,4
5147,1948,Graduation,Single,90842,0,0,57
2535,1978,Master,Married,88097,1,0,24
11039,1975,Graduation,Married,51948,0,1,51
9495,1982,Graduation,Together,71853,0,0,29
9635,1983,Master,Married,35876,0,0,13
2173,1952,Graduation,Widow,40049,0,1,23
942,1982,Graduation,Single,39660,1,0,36
9386,1962,Graduation,Together,50127,0,1,88
5510,1977,Master,Married,43263,0,1,2
873,1949,Master,Married,62845,1,1,3
2253,1990,Graduation,Married,18929,0,0,15
5181,1982,Basic,Single,24367,1,0,58
979,1975,Graduation,Single,33249,1,0,11
10390,1959,2n Cycle,Married,26887,0,1,27
4698,1983,PhD,Married,50150,0,0,32
7793,1976,Graduation,Together,62061,0,1,12
1745,1962,PhD,Divorced,85696,0,0,88
10590,1956,PhD,Together,76542,0,0,91
5080,1993,Graduation,Single,70515,0,0,12
8369,1987,Graduation,Together,18227,1,0,21
5232,1965,Graduation,Married,69139,0,1,23
2407,1982,Graduation,Married,69109,0,0,10
3834,1962,Graduation,Single,69627,0,1,35
7912,1978,Graduation,Married,38136,1,0,69
7712,1946,PhD,Single,62159,0,0,68
1065,1963,Graduation,Single,80695,0,0,85
7275,1971,Master,Single,33316,1,1,34
1343,1968,Graduation,Together,58554,1,1,55
1384,1992,Basic,Married,17256,1,0,10
9967,1974,Graduation,Divorced,53034,1,1,30
6181,1950,2n Cycle,Together,52203,0,0,36
10507,1977,2n Cycle,Divorced,59601,0,1,14
2674,1958,Master,Single,75154,0,1,79
2698,1976,Graduation,Single,47025,0,1,52
3231,1973,Graduation,Married,37971,1,0,97
4096,1968,Master,Divorced,41335,1,0,24
10476,1958,Graduation,Married,67267,0,1,0
5948,1975,Graduation,Single,57338,0,1,96
9140,1960,2n Cycle,Together,50523,1,1,89
10258,1965,Master,Single,35791,2,1,94
5675,1960,PhD,Divorced,50611,0,1,98
4743,1969,PhD,Married,56242,0,1,72
8805,1960,Graduation,Single,48904,0,1,1
1542,1975,Graduation,Single,56243,1,2,26
6770,1985,Graduation,Married,21355,1,0,5
8773,1971,Master,Together,57420,0,1,22
10475,1970,Master,Together,,0,1,39
10420,1955,Master,Divorced,46390,0,1,56
7514,1956,2n Cycle,Together,54342,1,1,74
2902,1958,Graduation,Together,,1,1,87
4345,1964,2n Cycle,Single,,1,1,49
793,1973,Graduation,Married,20895,1,0,24
10909,1948,Graduation,Married,92344,0,0,9
3769,1972,PhD,Together,,1,0,17
8702,1976,2n Cycle,Together,26907,1,1,10
4791,1980,Graduation,Together,44964,1,1,35
2963,1979,Graduation,Together,75507,0,0,56
8216,1972,Master,Married,53761,1,1,7
8140,1973,Graduation,Together,22682,1,0,51
10146,1972,PhD,Together,38887,1,0,17
5289,1975,2n Cycle,Single,41658,1,1,30
2587,1972,PhD,Married,29791,1,0,21
4405,1956,Master,Married,63915,0,2,2
8663,1974,Graduation,Divorced,39996,1,1,85
2589,1972,Graduation,Divorced,26759,1,0,65
3421,1968,Master,Divorced,63841,0,1,64
10490,1969,PhD,Married,51039,1,1,11
4094,1961,Graduation,Married,60544,1,1,92
9958,1972,Graduation,Married,65685,0,1,54
2534,1953,Graduation,Married,37716,0,1,4
4188,1957,Graduation,Single,36864,0,1,53
6613,1970,Master,Married,44511,1,0,39
10827,1967,PhD,Married,36947,1,1,49
5491,1951,Master,Together,47352,0,1,70
8402,1953,Master,Married,67087,0,1,40
8783,1950,Graduation,Married,57045,0,1,40
10010,1953,PhD,Divorced,36957,1,1,43
618,1977,PhD,Married,69389,0,1,17
9121,1972,Graduation,Married,80134,1,0,40
361,1969,Master,Married,43142,1,1,84
4310,1944,Graduation,Married,80589,0,0,25
2678,1990,Graduation,Single,34412,1,0,62
6376,1979,Graduation,Single,57537,1,0,83
524,1966,Basic,Together,22634,0,0,47
10341,1948,Graduation,Together,51315,0,0,45
5654,1972,Graduation,Married,36026,2,1,34
4098,1973,Graduation,Married,24639,1,1,3
5824,1972,PhD,Together,34578,2,1,1
7000,1972,2n Cycle,Single,65704,0,0,18
2561,1966,Graduation,Single,63810,0,1,45
5229,1969,PhD,Together,54132,0,1,81
4086,1959,Graduation,Married,18690,0,0,77
2428,1970,Graduation,Married,28164,1,0,23
8254,1974,PhD,Married,34596,1,0,48
2836,1972,PhD,Married,43269,1,0,61
8418,1958,2n Cycle,Single,38741,1,1,60
1362,1972,Graduation,Single,31907,0,0,75
7152,1983,Master,Married,27100,1,0,64
10033,1973,2n Cycle,Divorced,31163,1,0,54
9349,1985,Graduation,Married,92533,0,0,84
274,1973,Graduation,Single,34853,1,1,75
3388,1967,Graduation,Divorced,70844,1,1,16
922,1979,2n Cycle,Married,31086,1,1,79
8588,1961,Graduation,Married,60544,1,1,92
2518,1986,2n Cycle,Together,20491,0,0,16
574,1964,Graduation,Married,42523,0,0,96
3220,1983,Graduation,Married,39922,1,0,30
5967,1952,Graduation,Together,33402,1,1,60
1183,1949,Master,Married,36408,1,1,11
6856,1979,Graduation,Together,21645,1,0,75
4530,1948,Master,Widow,78427,0,0,36
1553,1946,Graduation,Together,82657,0,0,71
4682,1958,Graduation,Married,51876,0,0,88
8204,1971,2n Cycle,Married,78041,0,0,93
5221,1957,Graduation,Married,52852,0,1,93
1232,1982,PhD,Together,70038,0,0,54
1927,1973,2n Cycle,Together,69401,0,1,41
5788,1972,Graduation,Together,46053,1,0,46
6652,1965,Graduation,Married,77343,0,0,28
6246,1953,Graduation,Single,73892,0,0,40
5975,1967,PhD,Single,40304,1,0,82
6875,1965,PhD,Together,32727,0,0,38
4399,1969,Graduation,Together,68695,0,0,3
4042,1971,Graduation,Divorced,43300,0,1,87
2157,1972,Graduation,Together,26290,1,1,49
10133,1970,Graduation,Single,93790,0,0,16
2525,1974,PhD,Married,38410,0,0,65
8233,1950,Master,Widow,64866,0,1,9
9483,1959,Graduation,Together,57957,0,1,24
2945,1955,PhD,Together,46015,1,1,25
10403,1978,Graduation,Together,16531,1,0,43
5074,1986,Master,Married,28072,1,0,10
10524,1963,Master,Divorced,49476,0,1,29
4690,1953,Graduation,Married,50725,0,1,45
7521,1952,Graduation,Together,83844,0,0,57
7196,1950,PhD,Married,41145,1,1,20
4406,1970,Graduation,Together,67419,0,1,29
9672,1970,2n Cycle,Married,23162,1,1,82
4864,1977,Graduation,Married,34380,1,0,68
4706,1966,Graduation,Single,34704,0,1,65
4070,1969,PhD,Married,94871,0,2,99
25,1958,Graduation,Married,65148,0,1,9
3697,1954,Graduation,Together,39898,0,1,20
217,1956,Master,Single,64857,0,0,78
4220,1970,PhD,Married,59892,0,1,26
5286,1987,Master,Single,41020,0,0,68
9559,1961,PhD,Married,57072,0,1,79
2849,1979,Graduation,Single,60474,0,1,25
7787,1960,Graduation,Together,62807,0,1,83
3102,1981,2n Cycle,Together,19414,1,0,32
5868,1980,Graduation,Married,19107,1,0,49
8370,1976,2n Cycle,Together,75484,0,1,50
9988,1976,Master,Single,70379,0,1,84
2939,1970,Master,Together,79419,0,0,96
5529,1946,PhD,Together,64014,2,1,56
9743,1955,Graduation,Married,76998,0,1,85
5763,1972,Master,Together,49854,1,0,63
3478,1971,PhD,Married,60585,1,1,17
7494,1950,PhD,Divorced,42873,1,1,11
1763,1988,Graduation,Together,87679,0,0,62
7250,1978,Graduation,Together,57867,1,0,48
2005,1990,Graduation,Married,35765,1,0,86
10770,1959,Graduation,Married,65492,0,0,73
6885,1977,Graduation,Divorced,32952,1,0,36
2072,1969,PhD,Together,53374,0,1,34
9463,1959,Graduation,Together,71706,0,1,16
6318,1988,Graduation,Married,68487,0,0,48
4093,1975,Master,Together,53253,1,1,61
5751,1973,2n Cycle,Divorced,31163,1,0,54
3340,1977,Graduation,Married,42014,1,0,56
3594,1973,Master,Married,54108,1,1,74
3584,1955,PhD,Single,49667,0,0,35
3643,1974,Master,Married,63206,0,0,65
851,1972,Master,Married,57136,1,1,48
7706,1975,2n Cycle,Together,46772,0,1,88
3967,1971,PhD,Married,78931,0,0,19
10128,1958,Graduation,Together,53977,0,1,21
486,1988,Graduation,Married,84219,0,0,27
9,1975,Master,Single,46098,1,1,86
9451,1965,Graduation,Married,73538,0,1,92
9264,1986,Graduation,Married,79529,0,0,1
3865,1977,2n Cycle,Together,20981,0,0,14
2853,1980,Graduation,Single,51766,1,0,74
1490,1962,Graduation,Married,55759,0,1,84
6310,1978,Graduation,Married,33039,1,0,4
10380,1972,Master,Married,37787,1,0,50
3887,1970,Graduation,Single,27242,1,0,2
4278,1983,PhD,Single,87188,0,0,73
8643,1971,Graduation,Together,69930,0,0,21
1998,1976,Graduation,Single,37697,1,0,82
10795,1973,PhD,Married,37401,1,0,14
11110,1973,Graduation,Single,3502,1,0,56
2408,1976,Graduation,Married,58597,1,1,20
202,1948,PhD,Widow,82032,0,0,54
7998,1958,Graduation,Together,28087,1,1,77
830,1987,PhD,Single,74004,0,0,5
3536,1960,Graduation,Together,19740,0,1,65
6050,1975,2n Cycle,Married,57036,0,1,33
125,1958,2n Cycle,Together,53083,1,1,65
3463,1975,PhD,Married,69283,0,1,41
2804,1975,Master,Single,46098,1,1,86
3745,1988,2n Cycle,Married,23331,1,0,92
9771,1988,2n Cycle,Single,23331,1,0,97
451,1989,Graduation,Single,9255,1,0,91
10530,1959,PhD,Widow,67786,0,0,0
1079,1971,PhD,Married,71969,0,1,59
8920,1967,Master,Single,59235,1,0,4
6678,1989,Graduation,Together,31928,1,0,5
3852,1961,Master,Together,74881,1,1,48
528,1978,Graduation,Married,65819,0,0,99
73,1953,PhD,Single,51411,1,2,81
5589,1964,Graduation,Divorced,51983,0,1,95
10212,1986,Master,Together,42386,1,0,43
6365,1987,2n Cycle,Married,30390,0,0,5
5636,1963,Graduation,Single,30983,0,0,50
591,1957,Graduation,Widow,66033,0,1,76
2217,1975,2n Cycle,Married,37284,1,1,46
2544,1951,Master,Divorced,57530,0,1,68
7725,1965,2n Cycle,Married,76800,0,0,33
8091,1956,Graduation,Married,63943,0,1,50
7321,1962,Graduation,Together,76081,0,0,85
5462,1974,Graduation,Married,67445,0,1,63
7791,1967,Master,Married,37054,1,1,89
955,1962,Master,Together,47175,1,1,81
4037,1976,Graduation,Divorced,31859,1,0,77
6642,1961,Graduation,Divorced,27215,2,1,50
2793,1976,PhD,Divorced,70179,0,1,10
5424,1983,Graduation,Married,39922,1,0,30
879,1976,Master,Married,49681,0,2,66
9530,1988,Graduation,Married,24645,1,0,16
4828,1954,Graduation,Divorced,79865,0,1,12
10699,1985,Graduation,Married,44322,1,0,30
1497,1952,Graduation,Single,47958,0,1,8
7476,1964,Master,Single,63972,0,1,93
4390,1954,Graduation,Together,75315,0,1,14
10478,1950,PhD,Married,55517,1,1,53
1081,1957,PhD,Married,75283,1,2,26
4261,1946,PhD,Single,82800,0,0,23
9916,1954,Graduation,Married,38998,1,1,92
5350,1991,Master,Single,90638,0,0,29
8135,1986,Master,Married,27161,1,0,41
8685,1977,Graduation,Married,42014,1,0,56
4967,1960,PhD,Together,38201,0,1,19
2130,1982,Graduation,Together,45203,2,0,4
9298,1947,PhD,Together,81574,0,0,89
8175,1992,Graduation,Married,34935,0,0,71
6257,1976,Master,Single,60482,0,1,81
3790,1956,Graduation,Together,34633,2,1,31
9952,1947,Master,Together,78093,0,0,53
3503,1950,Graduation,Divorced,82460,0,0,78
5223,1966,Master,Together,45903,0,1,80
4608,1987,Graduation,Divorced,81361,0,0,18
1626,1973,PhD,Divorced,35860,1,1,37
4764,1952,Master,Together,40442,1,1,52
2471,1965,Graduation,Married,61482,0,0,39
5892,1980,Graduation,Married,34968,1,0,11
2612,1987,Graduation,Married,75794,0,0,33
4971,1962,PhD,Together,31497,0,1,22
5185,1955,Graduation,Married,74268,0,0,83
10069,1988,Basic,Together,13724,1,0,43
2262,1965,Master,Together,45143,0,1,74
1131,1967,PhD,Single,52569,0,1,54
1041,1973,PhD,Single,48432,0,1,3
24,1960,Master,Together,17144,1,1,96
3409,1984,Graduation,Single,36108,1,0,68
7022,1971,Graduation,Married,76445,1,0,2
7943,1975,PhD,Married,36663,1,0,40
5272,1965,Master,Married,53843,0,1,64
5453,1956,Master,Married,90226,0,0,26
2565,1955,Master,Divorced,70638,0,0,69
800,1960,Graduation,Together,44512,1,1,57
11092,1961,Graduation,Married,27116,1,1,78
5062,1963,PhD,Married,54072,1,1,71
8969,1977,Graduation,Married,71855,0,1,59
4656,1990,2n Cycle,Single,51250,1,0,28
4480,1973,Master,Married,60432,0,1,61
9971,1964,PhD,Married,65526,0,1,22
6729,1988,Graduation,Single,68655,0,0,95
1773,1978,2n Cycle,Married,12393,0,0,38
9242,1990,Graduation,Single,64509,0,0,19
1764,1975,Graduation,Single,33955,1,0,92
6215,1977,Graduation,Married,31353,1,1,24
10099,1984,Graduation,Married,55434,1,0,21
5423,1983,Graduation,Together,28359,1,0,35
940,1987,Graduation,Single,57100,1,0,9
3011,1965,Graduation,Married,69139,0,1,23
3298,1956,Master,Married,52973,0,1,92
8286,1965,PhD,Together,51717,0,1,55
9668,1971,Graduation,Married,18793,1,0,14
5120,1982,2n Cycle,Together,66664,0,0,78
6097,1959,Graduation,Single,50664,1,1,64
7019,1963,Graduation,Together,54414,1,1,49
7408,1952,PhD,Married,54549,0,1,8
8041,1971,PhD,Widow,47111,0,1,35
252,1963,PhD,Divorced,41003,0,0,11
9986,1982,Graduation,Together,19444,1,0,8
3276,1976,2n Cycle,Together,36301,1,0,53
3859,1947,PhD,Together,73059,0,1,36
3570,1969,PhD,Together,42731,1,0,64
3783,1959,PhD,Married,52854,1,1,43
10207,1978,Graduation,Together,22775,1,0,40
10906,1948,PhD,Together,46681,0,2,52
3427,1955,PhD,Married,59821,0,1,11
5209,1954,Graduation,Divorced,50002,0,1,21
10711,1945,Graduation,Married,69755,0,0,23
10785,1969,Graduation,Married,44078,1,1,17
2814,1976,Master,Together,30560,1,0,6
6866,1969,Master,Together,35924,1,1,56
1665,1964,PhD,Divorced,64140,0,2,71
6575,1981,Graduation,Together,56386,1,1,51
3829,1979,Basic,Together,24594,1,0,94
3091,1981,2n Cycle,Together,75774,1,0,27
10141,1960,Master,Divorced,39228,0,0,1
5177,1974,Master,Married,58494,0,1,56
7005,1981,Graduation,Single,58684,0,0,71
6409,1967,Graduation,Divorced,57136,0,0,18
7485,1950,PhD,Widow,56551,1,1,48
8079,1982,Graduation,Married,22448,1,0,86
8395,1961,Graduation,Single,82014,0,0,48
10352,1963,Graduation,Widow,34213,1,1,2
4931,1977,Graduation,Together,157146,0,0,13
13,1947,PhD,Widow,25358,0,1,57
1834,1978,Master,Single,35544,1,0,77
2285,1954,Master,Together,36634,0,1,0
2295,1954,PhD,Married,62670,0,1,57
1378,1972,2n Cycle,Together,50334,0,1,24
2781,1981,Graduation,Single,72066,0,0,55
1165,1958,PhD,Single,50729,1,1,62
1404,1968,Graduation,Together,34916,2,0,89
6457,1976,Graduation,Divorced,64892,0,1,77
2639,1966,Graduation,Single,43602,1,1,45
8299,1989,PhD,Single,33996,0,0,46
6437,1985,2n Cycle,Single,41473,1,0,80
6912,1967,PhD,Married,63246,0,2,60
7327,1959,PhD,Married,36732,1,1,71
5299,1970,PhD,Married,69084,1,0,43
4127,1967,PhD,Married,77766,0,1,97
8143,1985,PhD,Single,37929,0,0,49
1964,1951,Graduation,Together,86610,0,0,66
3690,1986,Master,Married,80141,0,0,20
3433,1955,2n Cycle,Married,72635,0,0,54
3389,1970,Graduation,Married,69016,0,1,61
4712,1991,2n Cycle,Together,20193,0,0,18
1170,1975,Graduation,Married,27573,1,0,45
6347,1979,Basic,Single,15862,1,0,26
4065,1976,PhD,Married,49544,1,0,0
8230,1980,Graduation,Married,33228,1,0,28
1215,1978,Graduation,Together,70440,0,0,49
5939,1971,Graduation,Together,38232,1,1,84
2156,1955,PhD,Married,22554,1,1,38
7788,1983,PhD,Married,23536,1,0,53
10323,1952,Graduation,Married,49413,0,1,88
7947,1969,Graduation,Married,42231,1,1,99
1891,1980,Master,Divorced,78789,0,0,12
2570,1968,Graduation,Together,56534,0,1,35
9256,1971,Graduation,Single,58350,0,1,5
295,1989,Graduation,Single,81217,0,0,77
7397,1951,Graduation,Single,49090,0,1,45
6349,1987,Master,Divorced,61787,0,0,71
10790,1985,PhD,Married,18169,1,0,40
10398,1981,2n Cycle,Single,24336,1,0,82
2431,1990,Graduation,Married,18222,0,0,70
550,1952,Graduation,Divorced,62335,0,1,87
1890,1971,2n Cycle,Together,42033,1,1,95
10742,1983,PhD,Married,86580,0,0,72
10356,1957,PhD,Divorced,41437,1,1,5
4676,1951,Master,Widow,73705,0,2,86
8852,1976,Graduation,Married,61064,0,1,80
3565,1955,Master,Married,38452,1,1,62
5294,1989,Graduation,Single,18358,1,0,49
1958,1973,PhD,Together,55012,0,1,85
7349,1973,Basic,Together,9722,1,0,7
8799,1984,PhD,Married,38175,1,0,6
1351,1956,Master,Together,58656,0,1,25
1045,1965,Graduation,Together,52117,0,1,55
7732,1978,Graduation,Married,64813,1,0,81
8070,1973,PhD,Married,54222,0,1,98
477,1986,Graduation,Married,83512,0,0,31
7832,1959,Master,Married,77520,0,1,30
2202,1978,Graduation,Together,41154,0,1,98
7396,1966,Graduation,Married,80398,0,0,92
4055,1992,Basic,Single,18746,1,0,41
10340,1984,Graduation,Together,35196,1,0,68
10091,1956,Graduation,Single,60230,0,1,78
7629,1977,Graduation,Married,22108,1,1,46
10640,1974,Graduation,Together,44392,1,1,71
3498,1976,PhD,Married,55424,0,1,6
6742,1979,Graduation,Married,17688,1,0,82
1172,1983,PhD,Married,92491,0,0,71
569,1991,Graduation,Single,90273,0,0,32
4686,1962,PhD,Widow,82571,0,0,28
1381,1982,PhD,Single,38513,1,0,20
2634,1979,Master,Single,16653,1,0,10
10905,1955,Graduation,Together,42586,1,1,7
1744,1965,Basic,Single,23529,0,1,67
1000,1961,Master,Together,74881,1,1,48
3828,1951,Graduation,Married,71107,0,1,61
8605,1964,PhD,Together,46910,1,1,36
10304,1959,Graduation,Married,18690,0,0,77
4351,1955,Graduation,Divorced,37244,1,1,90
10129,1966,Graduation,Together,82427,0,0,35
2499,1958,2n Cycle,Single,75342,0,1,38
10092,1954,Graduation,Divorced,70044,0,1,46
7500,1967,Graduation,Single,79146,1,1,33
5796,1963,Graduation,Married,77437,0,0,70
10556,1959,Graduation,Married,54984,0,1,51
1064,1971,PhD,Married,42403,1,0,18
48,1964,Graduation,Together,55761,0,1,97
7610,1983,Graduation,Together,37292,1,0,32
263,1945,PhD,Single,45576,0,0,9
10814,1947,Graduation,Together,70321,0,0,6
9710,1969,PhD,Divorced,58086,0,1,80
9292,1952,Graduation,Married,81795,0,0,74
10250,1947,Basic,Together,28389,0,0,49
7881,1946,Master,Married,66835,0,0,21
5847,1969,Graduation,Divorced,69901,0,1,95
737,1949,PhD,Married,80360,0,0,56
3571,1961,PhD,Together,63342,0,1,48
7807,1974,Graduation,Married,44989,0,1,26
3878,1980,2n Cycle,Single,31859,1,0,3
5092,1949,PhD,Widow,51569,0,1,39
2154,1971,Graduation,Widow,30372,1,1,33
5394,1979,Basic,Single,16014,1,1,42
3798,1968,Graduation,Married,41120,1,1,80
3524,1971,Master,Single,39763,1,0,9
5247,1955,PhD,Married,38725,1,1,52
5883,1972,Graduation,Married,77981,1,0,78
2118,1964,2n Cycle,Married,62905,0,1,68
8812,1979,2n Cycle,Divorced,13533,1,0,45
6616,1975,Graduation,Together,59481,0,1,47
2797,1977,Graduation,Married,72117,0,1,34
4328,1986,2n Cycle,Married,21955,1,0,81
9167,1956,Graduation,Married,67131,0,1,72
10560,1980,PhD,Single,36802,1,0,23
2631,1982,Graduation,Together,71853,0,0,29
8312,1961,Basic,Married,28249,0,0,80
5534,1975,Master,Married,47808,0,1,30
5093,1974,PhD,Divorced,25509,1,0,15
7592,1946,PhD,Married,51012,0,0,86
8895,1985,Graduation,Single,70596,0,0,68
8584,1952,PhD,Together,85431,0,0,54
2694,1967,Graduation,Married,42664,0,1,44
8910,1955,Graduation,Together,42586,1,1,7
7433,1985,Graduation,Single,29760,1,0,87
164,1977,PhD,Married,28973,0,0,59
10477,1973,PhD,Together,39435,1,0,16
2681,1984,2n Cycle,Married,65370,0,0,1
5150,1979,Basic,Single,20194,1,0,64
5283,1976,PhD,Single,42473,1,1,72
9645,1968,Graduation,Married,64590,0,0,98
10678,1959,Graduation,Together,71232,0,1,91
7261,1971,Graduation,Together,34600,1,1,8
9648,1967,Graduation,Single,46904,1,1,20
2870,1973,Graduation,Married,49094,0,1,6
8008,1983,Graduation,Together,36075,1,0,54
1513,1979,2n Cycle,Together,60839,1,1,72
6173,1979,Graduation,Together,77298,0,1,46
1419,1950,Graduation,Together,34026,1,1,11
9150,1963,PhD,Single,48918,1,1,21
7960,1962,2n Cycle,Together,82122,0,0,89
1250,1976,Graduation,Single,37697,1,0,82
9905,1952,Graduation,Together,34074,1,1,69
10691,1960,Master,Married,28520,1,1,55
7002,1955,Graduation,Single,62535,0,1,13
2952,1977,Master,Single,36273,1,0,80
8439,1964,Graduation,Together,63404,0,2,97
762,1981,2n Cycle,Together,75774,1,0,27
2831,1976,Graduation,Together,78416,0,1,99
6977,1974,Graduation,Together,75702,0,1,87
6289,1951,Master,Together,59385,1,1,85
4168,1966,Graduation,Single,37070,1,1,30
8397,1951,Graduation,Married,44689,1,1,82
9284,1958,Graduation,Together,53977,0,1,21
6237,1966,PhD,Single,7144,0,2,92
3130,1964,Graduation,Single,18701,1,1,95
1619,1956,Graduation,Married,90369,0,0,2
1990,1974,PhD,Single,63159,0,0,74
5513,1966,Graduation,Together,37758,1,1,49
269,1963,PhD,Single,46757,0,1,71
8093,1969,Master,Married,79734,0,0,72
10513,1992,Graduation,Together,63207,0,0,68
10177,1954,Graduation,Divorced,72071,0,1,4
2549,1983,PhD,Together,21840,1,0,80
5782,1982,2n Cycle,Together,58582,0,1,15
10057,1951,Graduation,Single,72282,0,0,70
10307,1956,Graduation,Married,50387,0,2,91
8566,1961,PhD,Together,32583,1,1,10
2415,1962,Graduation,Together,62568,0,1,99
5684,1971,Master,Divorced,44635,1,1,25
8334,1971,Master,Single,33316,1,1,34
9166,1968,Graduation,Married,63967,0,1,57
1440,1978,2n Cycle,Together,52513,0,0,84
78,1969,Graduation,Married,25293,1,0,51
5441,1965,PhD,Widow,54111,0,1,97
5302,1986,Graduation,Together,78394,0,0,13
4687,1958,Master,Married,80739,0,0,92
1087,1975,Master,Together,22669,1,0,30
6859,1987,Graduation,Single,29236,1,0,30
9860,1959,Graduation,Together,44911,0,1,11
7129,1962,PhD,Married,54693,0,1,72
5866,1974,Graduation,Together,48186,1,0,39
10521,1977,Graduation,Married,54809,1,1,0
7393,1978,Graduation,Together,41580,1,1,15
7849,1970,PhD,Married,80336,0,0,12
332,1957,Graduation,Married,47743,0,1,56
9847,1955,2n Cycle,Married,62972,0,1,39
531,1954,PhD,Divorced,57333,0,1,55
9576,1982,PhD,Together,32313,1,0,60
6906,1953,Master,Widow,84953,0,0,73
7419,1968,Master,Divorced,27071,1,0,90
3170,1957,Master,Together,68148,0,0,86
8527,1965,Master,Together,65735,1,1,37
7872,1975,PhD,Married,86836,0,0,7
9931,1963,PhD,Married,4023,1,1,29
10595,1990,Graduation,Married,30093,0,0,19
4609,1966,PhD,Married,57705,0,1,14
5010,1988,Graduation,Single,25008,1,0,72
4427,1995,2n Cycle,Single,83257,0,0,56
11148,1975,Graduation,Together,22280,1,0,85
1168,1978,PhD,Married,72159,0,0,62
9595,1961,Graduation,Together,64260,0,0,1
10163,1984,PhD,Single,82733,0,0,28
2886,1971,Master,Divorced,74290,0,1,70
6710,1951,Master,Single,58217,2,1,84
5316,1976,Master,Together,21024,0,0,89
9029,1972,PhD,Married,70116,0,0,73
521,1985,Graduation,Together,54006,1,0,42
1459,1966,PhD,Married,69063,0,1,16
10241,1975,2n Cycle,Divorced,11448,0,0,16
1630,1979,Graduation,Single,61825,0,1,56
3254,1971,Graduation,Married,70886,1,0,65
9064,1982,Graduation,Married,69109,0,0,10
3678,1973,Graduation,Widow,60208,1,1,13
4227,1968,Master,Together,32889,1,1,78
9467,1984,Graduation,Single,34738,1,0,51
8486,1971,Master,Together,30538,1,0,27
2186,1977,2n Cycle,Together,82326,0,0,30
3286,1967,PhD,Divorced,26642,1,0,71
8602,1964,Graduation,Divorced,69932,0,1,97
3722,1972,Graduation,Single,44503,1,1,83
6715,1948,PhD,Single,60200,0,1,3
4796,1952,Graduation,Divorced,49638,0,1,71
9612,1987,2n Cycle,Single,23830,0,0,3
3766,1959,Master,Widow,33051,0,0,15
1399,1958,Graduation,Married,72905,0,0,52
1570,1951,PhD,Together,69702,0,1,8
3426,1975,Graduation,Divorced,70300,1,0,89
3074,1984,PhD,Married,70643,0,0,66
8341,1969,PhD,Married,30396,1,0,22
5180,1968,PhD,Divorced,50616,0,1,56
6461,1969,Master,Single,62772,0,1,74
7679,1985,PhD,Single,30298,0,0,48
10702,1984,Graduation,Single,52413,1,0,67
7505,1957,PhD,Married,44155,1,1,24
5113,1971,PhD,Divorced,86979,0,0,67
10858,1975,Graduation,Together,76532,1,1,38
2961,1982,Graduation,Married,42081,1,0,86
2747,1988,PhD,Married,67546,0,0,90
3010,1989,Master,Together,88420,0,0,87
5790,1985,Graduation,Married,31158,1,0,62
6892,1968,Graduation,Divorced,61671,0,1,23
1743,1974,Graduation,Single,69719,0,0,99
3578,1949,Graduation,Divorced,49160,0,1,29
8462,1978,Basic,Together,24882,1,0,52
5558,1954,PhD,Single,90933,0,0,90
4619,1945,PhD,Single,113734,0,0,9
8780,1950,PhD,Together,59292,0,1,71
10789,1964,PhD,Married,45759,1,1,13
10779,1983,Graduation,Single,22148,0,0,16
5896,1987,Master,Married,73395,0,0,94
2337,1971,Graduation,Divorced,29819,1,0,77
10951,1968,Graduation,Married,45688,0,1,20
544,1954,Graduation,Married,62820,0,0,51
17,1971,PhD,Married,60491,0,1,81
10680,1986,Graduation,Together,33235,1,0,71
3265,1959,Graduation,Married,35701,0,0,36
5623,1980,Master,Married,31535,1,0,95
5832,1960,2n Cycle,Together,92556,0,0,32
5544,1970,Graduation,Single,67384,0,1,32
6417,1971,Master,Together,80573,0,0,85
5831,1967,Graduation,Married,77870,0,1,93
7101,1963,PhD,Widow,52278,0,1,24
10176,1968,Graduation,Single,57107,0,1,44
2326,1990,Graduation,Married,18929,0,0,15
4385,1981,PhD,Single,36038,1,0,82
2929,1976,Graduation,Single,20180,0,0,27
10686,1965,PhD,Together,34230,1,1,72
2546,1977,2n Cycle,Single,31878,0,1,7
3283,1972,2n Cycle,Married,70932,0,1,57
3138,1956,Graduation,Single,91249,0,0,84
4994,1943,Master,Single,77598,0,0,53
7966,1959,Graduation,Single,80982,1,1,48
3112,1977,Master,Married,22701,1,0,2
10872,1969,PhD,Married,55212,0,1,65
2181,1970,Graduation,Married,70617,0,0,45
1867,1957,Graduation,Single,64849,0,0,42
1518,1965,Master,Married,62694,1,1,29
5734,1974,PhD,Married,61917,1,1,83
2878,1947,PhD,Married,67472,0,1,93
1458,1982,Master,Married,21059,1,0,40
7007,1968,Master,Married,29543,2,0,47
6200,1951,Graduation,Married,75903,0,1,50
1403,1975,2n Cycle,Together,34984,1,1,40
4827,1956,PhD,Single,54998,0,1,3
6250,1949,PhD,Widow,54356,0,1,62
9291,1959,Master,Married,34242,0,1,25
2478,1973,Graduation,Married,25410,1,0,48
1139,1984,PhD,Married,73356,0,0,56
5138,1950,Graduation,Together,28320,0,1,68
5393,1977,Graduation,Single,23763,1,0,64
10413,1984,Graduation,Married,72570,0,0,67
5015,1976,Master,Married,34529,1,0,94
10868,1951,Graduation,Widow,70792,0,0,82
10676,1982,Graduation,Married,63211,0,0,3
2495,1974,Master,Married,83891,0,1,24
7842,1968,Graduation,Single,36065,1,1,54
9955,1954,Graduation,Together,39898,0,1,20
6663,1940,PhD,Single,51141,0,0,96
2162,1976,Graduation,Married,56939,0,1,19
3434,1951,Graduation,Single,80872,0,0,60
7919,1976,PhD,Together,72335,0,0,2
5626,1964,PhD,Single,61798,0,0,13
6428,1950,PhD,Widow,76842,0,0,37
8514,1976,Graduation,Together,29478,1,0,59
10448,1956,Graduation,Single,46998,0,1,55
2109,1990,Graduation,Single,96843,0,0,60
7530,1950,PhD,Widow,56551,1,1,48
8925,1965,Master,Married,70053,0,1,38
3009,1962,PhD,Widow,71670,0,0,8
6355,1978,Graduation,Married,44359,1,1,19
3517,1952,Graduation,Single,40887,1,1,32
1158,1966,Graduation,Divorced,48877,0,1,27
6203,1947,Graduation,Together,74485,0,0,58
7165,1972,Graduation,Together,64474,0,1,59
3595,1963,Graduation,Together,77226,0,1,29
8537,1949,Graduation,Widow,72643,0,0,60
4331,1978,Master,Together,85738,0,0,41
6281,1966,Graduation,Divorced,55686,0,1,27
4338,1983,Graduation,Single,39062,1,0,28
2452,1971,Graduation,Together,34600,1,1,8
9507,1975,Graduation,Married,40794,0,1,18
8360,1971,2n Cycle,Married,54690,1,1,76
10311,1969,Graduation,Married,4428,0,1,0
5117,1963,2n Cycle,Married,32632,0,0,32
4867,1968,PhD,Single,38236,1,1,2
9289,1979,Graduation,Married,36781,1,0,16
10913,1984,Master,Single,31385,1,0,56
3032,1984,Graduation,Married,24570,1,0,97
8524,1974,PhD,Divorced,25509,1,0,15
3334,1951,Graduation,Married,94642,0,0,35
4470,1962,Master,Married,58646,0,1,3
1406,1975,Graduation,Single,53201,1,1,49
8619,1957,Graduation,Together,21994,0,1,4
10821,1978,Graduation,Married,57113,1,1,45
4552,1991,Graduation,Married,51373,0,0,37
898,1986,Graduation,Married,23477,1,0,39
9797,1956,Graduation,Married,58116,0,1,38
10949,1963,PhD,Divorced,72968,0,0,8
8212,1971,Master,Married,39791,0,1,89
6248,1947,Master,Single,91712,0,0,47
10164,1958,Graduation,Single,94472,0,1,75
4547,1960,Graduation,Together,13672,1,1,86
6815,1980,2n Cycle,Married,96547,0,0,4
4122,1975,Graduation,Married,79205,0,0,73
10841,1975,PhD,Together,56559,0,1,46
5370,1973,PhD,Married,32644,1,0,38
176,1980,2n Cycle,Single,67506,0,1,73
4860,1970,Graduation,Single,24206,1,0,66
10757,1967,PhD,Divorced,28420,1,0,36
4023,1970,Graduation,Married,22979,1,0,29
6679,1966,Graduation,Single,33279,0,0,29
9923,1972,Master,Single,46423,1,1,6
7181,1977,Graduation,Married,30368,0,1,97
3599,1970,Graduation,Married,63684,0,1,61
405,1964,Graduation,Divorced,41638,0,1,68
6870,1959,PhD,Divorced,68805,0,1,73
832,1966,PhD,Together,65814,0,1,90
2002,1958,Graduation,Divorced,71964,0,0,81
3657,1986,Graduation,Single,39146,1,0,1
500,1977,Graduation,Together,96876,0,0,79
1951,1981,Basic,Married,34445,0,0,92
3262,1958,Graduation,Single,68281,0,0,31
4102,1975,2n Cycle,Married,37284,1,1,46
7042,1983,Graduation,Married,36790,0,0,14
10598,1967,Graduation,Together,27943,1,1,89
255,1951,Graduation,Divorced,22263,1,1,31
2375,1972,Graduation,Together,30261,1,2,75
9829,1978,Graduation,Together,28587,1,0,42
6214,1982,Master,Married,43815,1,0,53
4954,1956,Graduation,Married,48195,1,1,53
7861,1952,Master,Married,77027,0,1,23
4837,1965,PhD,Married,71322,0,1,57
9423,1979,Master,Married,32765,1,0,49
4198,1965,Graduation,Together,29672,1,1,6
153,1953,Graduation,Divorced,23272,0,0,29
9323,1949,Master,Together,49912,0,1,5
10001,1985,2n Cycle,Together,7500,1,0,98
3945,1947,PhD,Widow,68117,0,1,80
3799,1955,Graduation,Married,67225,0,1,4
8625,1976,Graduation,Married,17649,1,0,70
3491,1975,Graduation,Together,55914,0,1,32
983,1984,Graduation,Married,40059,1,0,82
9119,1950,Graduation,Together,60905,0,1,27
4786,1977,Graduation,Married,75330,1,1,94
5872,1951,Graduation,Single,60689,0,1,23
6568,1984,Graduation,Married,38680,1,0,97
5628,1982,Graduation,Together,61416,0,0,25
5631,1991,Graduation,Single,49767,0,0,92
4974,1970,Graduation,Single,83273,1,2,98
8416,1981,Graduation,Married,29009,1,0,19
5454,1979,Master,Married,45057,1,0,80
4095,1971,Graduation,Married,37150,1,0,80
5474,1970,Graduation,Single,43020,1,0,79
4268,1959,Graduation,Married,53154,0,1,50
10701,1973,Graduation,Married,65308,0,0,60
3507,1970,Graduation,Single,76467,1,0,44
2079,1947,2n Cycle,Married,81044,0,0,0
626,1951,Graduation,Married,32871,1,1,28
4426,1975,Graduation,Single,55801,1,1,35
2591,1959,Graduation,Widow,76320,0,1,49
10509,1955,Master,Single,36927,1,1,46
6382,1953,Graduation,Together,48794,1,1,97
6673,1965,Graduation,Single,23478,0,0,51
7441,1973,Graduation,Divorced,71128,1,0,80
1071,1976,PhD,Divorced,70179,0,1,10
10061,1950,Graduation,Married,59462,0,1,29
7187,1969,Master,Together,,1,1,52
8775,1969,Graduation,Together,38361,1,0,74
1612,1981,PhD,Single,,1,0,82
2345,1982,PhD,Together,70038,0,0,54
322,1978,Graduation,Together,42554,1,1,93
10897,1974,Graduation,Married,67445,0,1,63
123,1951,Graduation,Widow,67046,0,1,92
6103,1948,Graduation,Married,42192,0,0,40
7899,1952,PhD,Married,77610,0,1,70
10500,1984,Graduation,Married,31761,1,0,96
1655,1979,Graduation,Together,34350,1,0,81
2406,1949,Graduation,Together,54591,0,1,63
2712,1956,Graduation,Married,71866,0,1,85
5517,1969,Graduation,Married,25293,1,0,51
10643,1987,PhD,Single,42000,0,0,23
2254,1983,Graduation,Married,69520,0,0,95
10281,1970,Graduation,Divorced,64713,1,0,11
6958,1977,Master,Married,27889,1,0,42
954,1960,Basic,Widow,22123,0,0,77
5079,1971,Graduation,Married,,1,1,82
10339,1954,Master,Together,,0,1,83
4643,1973,Graduation,Married,27803,1,0,40
3117,1955,Graduation,Single,,0,1,95
6497,1960,Graduation,Married,51651,0,1,32
5396,1988,Graduation,Married,68487,0,0,48
5250,1943,Master,Widow,,0,0,75
1052,1969,Graduation,Married,56796,0,1,24
2802,1992,2n Cycle,Married,87000,0,0,61
6343,1959,Graduation,Married,79823,0,1,6
6507,1980,Graduation,Single,30828,1,0,16
7901,1971,Master,Married,34109,0,1,39
4865,1974,Master,Divorced,53367,1,1,2
2686,1969,Basic,Together,22390,0,0,49
3107,1976,Graduation,Together,71322,0,1,31
7734,1993,Graduation,Absurd,79244,0,0,58
1146,1949,Master,Together,49912,0,1,5
11031,1950,PhD,Married,48699,1,1,90
7428,1975,Graduation,Together,80144,0,0,47
975,1956,Graduation,Single,54252,1,1,25
1103,1976,Master,Married,81929,1,0,60
3422,1975,Graduation,Married,76068,0,1,67
1055,1976,Master,Married,53204,1,1,40
6544,1949,PhD,Together,67911,0,1,63
1241,1984,2n Cycle,Married,14796,1,0,1
2909,1974,PhD,Married,78128,0,1,89
5802,1972,Basic,Married,14188,0,0,40
1407,1986,Basic,Married,20425,1,0,5
6183,1962,Master,Married,58646,0,1,3
340,1970,Graduation,Divorced,72967,0,1,1
5991,1949,Master,Married,48150,0,1,24
3104,1961,Graduation,Single,82332,0,0,89
9729,1955,Graduation,Widow,58275,1,1,48
1008,1981,PhD,Together,44953,0,0,31
11091,1953,Graduation,Together,34587,1,1,68
3969,1974,Master,Together,43018,0,1,46
1916,1954,Master,Married,45736,0,1,92
9907,1969,Master,Together,66476,0,1,80
87,1981,2n Cycle,Married,27733,1,0,16
8659,1952,PhD,Together,69805,0,1,50
6262,1962,Master,Single,72217,0,0,93
6147,1971,Graduation,Divorced,25818,1,0,51
8832,1976,Master,Together,37509,1,0,24
10067,1976,2n Cycle,Together,25176,1,1,79
7532,1980,Graduation,Married,43586,0,1,26
4915,1956,2n Cycle,Married,53230,0,1,86
2115,1957,Graduation,Together,50116,1,1,68
2088,1972,Graduation,Together,84906,0,0,98
2493,1966,Graduation,Married,61286,0,1,34
6292,1986,PhD,Married,82333,0,0,60
1631,1965,PhD,Together,65220,0,0,3
10104,1974,Graduation,Together,33590,2,1,65
3006,1976,Graduation,Divorced,30992,1,0,83
3919,1976,Master,Single,72309,0,0,64
11181,1949,PhD,Married,156924,0,0,85
642,1980,Basic,Married,16005,1,0,69
4369,1957,Master,Absurd,65487,0,0,48
10127,1965,Graduation,Married,58692,0,1,21
271,1969,Graduation,Widow,40590,1,1,30
4973,1970,Graduation,Single,20587,1,0,39
2948,1954,Master,Divorced,62637,0,1,76
2715,1966,Master,Divorced,29435,1,1,11
10432,1974,Graduation,Divorced,19346,1,0,26
9216,1971,Graduation,Married,35788,1,1,34
7124,1968,Graduation,Divorced,36997,1,1,72
9727,1957,Graduation,Married,23539,0,0,13
5136,1973,Graduation,Single,65333,0,1,58
9790,1957,Graduation,Single,78499,0,0,12
1818,1971,PhD,Together,29732,1,0,23
1100,1960,Master,Together,41275,1,2,33
7873,1973,PhD,Together,63516,1,1,30
10609,1962,PhD,Married,42769,0,1,15
6950,1958,Master,Married,49572,1,1,25
7233,1972,Graduation,Married,69209,0,0,4
9481,1976,Graduation,Married,17148,1,0,80
7699,1969,Graduation,Widow,40590,1,1,30
2711,1976,Master,Together,30560,1,0,6
8933,1983,2n Cycle,Married,32146,1,0,16
8726,1964,2n Cycle,Divorced,41713,1,1,57
1515,1975,Master,Together,34176,0,1,9
5186,1955,PhD,Married,58482,0,1,59
10157,1965,Graduation,Single,59686,0,1,78
5667,1964,PhD,Married,60896,0,1,90
902,1980,Graduation,Together,62994,1,0,74
977,1957,Graduation,Together,47320,0,1,10
7313,1949,2n Cycle,Widow,74859,0,0,63
7600,1992,Basic,Single,15253,1,0,13
9706,1974,PhD,Single,31560,1,0,98
2429,1954,Graduation,Divorced,72071,0,1,4
3520,1990,Master,Single,91172,0,0,94
10394,1984,Graduation,Married,90000,0,0,91
4548,1981,Graduation,Single,41967,1,1,66
9362,1965,Graduation,Single,69263,0,1,14
3968,1970,2n Cycle,Divorced,65706,0,0,77
4084,1975,Graduation,Together,60934,0,1,41
6721,1951,Graduation,Married,71965,0,1,21
2829,1955,Graduation,Married,65210,0,1,25
1772,1975,PhD,Married,79174,0,0,2
1544,1967,Master,Divorced,81380,0,0,51
492,1973,PhD,YOLO,48432,0,1,3
4377,1971,Graduation,Married,52914,0,1,32
4541,1955,Graduation,Together,38946,0,1,84
1321,1974,Graduation,Married,26067,1,0,49
8858,1972,PhD,Married,44325,0,1,69
3266,1964,Graduation,Married,42523,0,0,96
11187,1978,Basic,Single,26487,1,0,23
8207,1957,2n Cycle,Married,53233,0,1,18
9723,1960,Graduation,Married,67716,0,1,8
2666,1972,Master,Married,76234,0,1,21
5721,1956,PhD,Married,84117,0,0,60
10652,1957,Master,Together,65487,0,0,48
1646,1972,Basic,Married,25224,1,0,36
4418,1983,Master,Single,89616,0,0,36
2656,1971,Graduation,Divorced,40851,1,1,63
7990,1947,Graduation,Married,27469,0,0,2
8722,1957,2n Cycle,Married,82347,0,0,38
7118,1957,Graduation,Married,73803,0,1,61
2980,1952,Master,Single,8820,1,1,52
1839,1974,Graduation,Single,43322,0,0,25
10722,1973,Graduation,Together,55593,0,1,63
2632,1954,Graduation,Married,50501,1,1,10
9014,1975,Graduation,Married,37085,1,1,65
7620,1990,Basic,Single,16185,1,0,71
10968,1969,Graduation,Single,57731,0,1,0
11133,1973,PhD,YOLO,48432,0,1,3
2736,1978,Graduation,Married,73807,0,1,88
1876,1990,Graduation,Married,18929,0,0,15
5959,1968,Graduation,Single,35893,1,1,80
1092,1980,Graduation,Married,61014,0,1,17
4333,1954,Graduation,Together,32144,1,1,76
3850,1963,Basic,Together,14918,0,1,52
6168,1963,Graduation,Divorced,45146,1,1,28
607,1955,2n Cycle,Divorced,41769,0,1,31
10469,1981,Graduation,Together,88325,0,0,42
6983,1950,Master,Divorced,38054,1,1,24
3661,1995,2n Cycle,Single,80617,0,0,42
9303,1976,Graduation,Married,5305,0,1,12
692,1954,Graduation,Together,36807,1,1,88
736,1983,Graduation,Together,28427,1,0,67
9589,1948,PhD,Widow,82032,0,0,54
4838,1978,Graduation,Together,22775,1,0,40
9246,1985,Master,Together,40101,1,0,73
6261,1979,Graduation,Married,58025,0,1,81
7366,1982,Master,Single,75777,0,0,12
10659,1979,2n Cycle,Together,7500,1,0,7
1448,1963,Master,Married,33562,1,2,33
4286,1970,PhD,Single,57642,0,1,24
4749,1968,Graduation,Together,58554,1,1,55
4478,1979,Graduation,Married,63777,1,1,87
4201,1962,Graduation,Single,57967,0,1,39
8720,1978,2n Cycle,Together,,0,0,53
10084,1972,Graduation,Married,24434,2,0,9
7004,1984,Graduation,Single,11012,1,0,82
9817,1970,Master,Single,44802,0,0,71
8080,1986,Graduation,Single,26816,0,0,50
9432,1977,Graduation,Together,666666,1,0,23
8372,1974,Graduation,Married,34421,1,0,81
10870,1967,Graduation,Married,61223,0,1,46
4001,1946,PhD,Together,64014,2,1,56
7270,1981,Graduation,Divorced,56981,0,0,91
8235,1956,Master,Together,69245,0,1,8
9405,1954,PhD,Married,52869,1,1,40
